customer_id,name,email,phone,address,join_date
cd44700b-6c5a-4086-acd4-722a809d2f22,Chase Webster,james12@example.com,+1-307-442-6570,"423 Myers Rue
Lake Wendy, MP 13519",2023-11-16
a7cfae4d-a91f-4f55-bec8-a953a091fd11,Courtney Cook,christopher64@example.net,001-420-988-5537x910,"8558 Franklin Mission
West Steven, WI 22852",2025-05-01
a9033ca0-3b7b-4d26-8a7f-75b600271ee1,Robert Morton,drobinson@example.org,856-263-9099,"025 Clinton Plains Apt. 675
East Pamelabury, IA 50904",2022-11-01
71a25507-9b57-4428-86fa-25028f672570,Bailey Rubio,karenparks@example.net,001-816-548-4839x17459,"443 Obrien Rapid Apt. 252
Lake Dave, NJ 63751",2022-07-03
ad18ad30-31a4-43c8-9800-02064e53743b,Anita Perez,danielphillips@example.org,320.585.8056x59107,"33982 Bethany Ports
Leebury, NE 30268",2024-11-10
d0c890d0-c113-4d58-9d00-7ff30a89e61a,Steven Lopez,jodybishop@example.org,4258416798,"247 Alexander Grove
Browningstad, IL 89959",2020-12-25
7b2814db-4596-4156-809b-d1e0445ff941,Regina Gilbert,youngalexis@example.net,(509)304-9567,"087 Kathy Passage
Lindamouth, AL 45762",2020-08-10
4621f7ed-7838-4133-9842-75eace043e53,Benjamin Wood,ggutierrez@example.net,307-312-4639x046,"40259 Kayla Road Apt. 604
Davidfort, AK 95552",2024-05-15
7e35b0cc-992e-4eaf-8118-972427cd4cd7,Jean Weaver MD,joanna78@example.net,001-368-355-7034x729,"47827 Hatfield Plaza Suite 633
Lake Samantha, NV 38269",2021-04-24
19c8c5d9-2189-4a50-b211-97a286301b36,Peggy Allen,laurenblair@example.org,651-540-1556x07720,"62331 Hannah Lodge Apt. 709
New Lauriemouth, IA 21761",2024-03-24
1ed646c7-bd68-4bdf-b7ad-b0da6b918e29,Jared Williams,matthew93@example.org,001-607-600-8431x25973,"Unit 0063 Box 9627
DPO AE 42813",2024-05-08
2f92136a-1b6a-4895-aedc-cc405a48a8b3,Christine Bryan,xwilson@example.com,001-236-360-3508x557,"48234 Walker Mount
Carmenville, IA 34190",2024-06-01
c32e5119-7075-4dd9-9135-e3aa3ec07a74,Monique Bryant,laurielee@example.com,223-532-4800x800,"PSC 3802, Box 2339
APO AE 33082",2023-12-22
31f7476a-f0fc-4aed-bbde-7e334d9b56c9,James Russell,holly33@example.com,001-316-640-3059,"65528 Richardson Rapids
Keithfort, RI 21785",2024-10-17
2832e2c2-aa0e-49b8-a204-28b85a022a22,Jeffrey Hughes,justinellis@example.com,001-394-941-7823,"6885 Robin Mill
Jacksonmouth, PA 49187",2020-12-06
9cf2b925-df2d-4d84-8646-cb2f1beb7372,Jenna Scott,susan61@example.org,(571)355-6730x802,"974 Jenna Mountains Apt. 097
Lake John, WY 15556",2024-03-10
60cbea17-9fea-4607-b880-dc27c0164a4b,Rhonda Howell,moorenancy@example.net,2076001257,"6714 Irwin Port Suite 909
West James, CA 68215",2024-09-28
1ea70e87-f433-4239-95d9-7dcbd5eacc27,Hailey Miller,xmccarthy@example.net,752.660.0451x17757,"55163 Amber Walks
New Laurenhaven, GA 01678",2023-08-08
d0e0a54b-bcf7-42c9-b2a5-7a40d59fbc89,Angelica Miller,sergioelliott@example.com,743.693.4953,"Unit 0517 Box 8099
DPO AP 27378",2021-12-12
ef0c825f-19c3-4dfa-bdda-23096db7f0c9,Justin Wu,bradychase@example.org,3494095895,"1253 Wood Square Apt. 120
West Dana, MD 29835",2020-12-05
5cca1865-eff7-4594-ac6b-ccb74afdb979,Tiffany Barnett DDS,hardingchristopher@example.com,784.762.0353x39163,"422 Brandon Road Apt. 809
South Scott, FL 45770",2020-09-01
7c9b786b-5f76-44b9-823d-d5b746b85e2e,Melanie Harris,jperry@example.net,408-817-5882x933,"USCGC Sanders
FPO AE 61952",2023-12-22
acdd44c2-134d-4ac0-8c31-f1d56d577337,Lindsey Houston,matthew86@example.org,627.415.2918,"8590 Moss Summit
Paulabury, NE 00857",2020-11-13
fa902f7c-d032-4db1-9d83-a5e59b37900e,Matthew Thompson,pwarren@example.org,396-630-9099,"3799 Eaton Inlet Suite 226
West Colleenshire, GU 64673",2021-12-21
020bbac3-2958-47f2-aed2-582e209211f4,Gabriel Flores,ehoward@example.org,717-744-7879,"39718 Katherine Burg Suite 752
Rebeccaview, MD 96386",2021-07-27
6fe8f1c5-3e86-466c-866a-619f3dd877e9,Joshua Walsh,jenkinsharold@example.org,(355)303-4664,"09899 Reeves Circle
Flemingshire, PW 84042",2022-04-17
14a24847-6830-484f-bae1-381926752b00,Andrew Baker,williamsjonathan@example.org,001-723-879-6664x9969,"55510 Murphy Summit Suite 228
West Davidberg, PA 61647",2024-11-03
0e95640d-fc15-4e77-8c08-ac47ff22901c,Monica Baker,edward22@example.com,600.829.3101x804,"PSC 6247, Box 9115
APO AP 55663",2022-01-03
b4383187-d52e-4c61-b63e-9067938c68bf,Jessica Gonzales,joycearnold@example.org,(916)761-1307,"636 Miller Vista Apt. 438
Lake Kevinmouth, KS 05338",2020-12-07
66a740cb-93a8-4cb4-94a3-4570baa5569b,Jacob White,james26@example.org,+1-410-865-3520x15377,"383 Cole Roads
Sharonview, MH 99698",2021-12-14
072ef284-6a58-465f-8914-0f99f5b5a40f,Gregory Hicks,srogers@example.com,(975)956-3495x8898,"26096 Kristine Lodge Suite 104
Kevinton, PR 54864",2024-12-01
a27c5b8c-205f-4480-93d2-fbbce9317b3b,Yolanda Washington,susan26@example.net,725.943.4160,"0120 Alexander Views Suite 507
Port Danielle, FL 02994",2021-05-29
b3d7a505-14dc-46a9-92d2-d6d593f4d1d2,Kelly Werner,rfisher@example.net,641-663-8356x718,"69452 Marshall Spurs
Linmouth, WA 60529",2022-08-04
9f8b01ff-71dc-43bb-b95c-6a80dd2753bf,Jonathan Melendez DDS,kylemiller@example.com,4485053610,"85182 Melissa Knoll
South Jasonside, SD 23773",2022-07-05
c986ca18-2e85-4f36-992e-8f0b16ec96cc,Joseph Garza,vgonzalez@example.com,+1-864-496-2594,"7298 Smith Summit Suite 748
Lake Matthew, IN 41392",2025-06-12
c31511c7-1269-44d5-a4d0-2ea8fb4846e7,Kimberly Snyder,dawnparsons@example.net,001-943-853-3137x6514,"47720 Peter Bridge
Conleyton, GU 03478",2025-01-23
f6e979ed-ed77-4e21-a2f2-536636fda6c3,Gary Jordan,thompsonwilliam@example.net,001-775-456-2134x9691,"04155 Kevin Lodge
West Bryanberg, KY 67863",2024-12-26
2b223785-24e6-4cbb-8536-8ca34f891832,Nicholas Monroe,gwilliams@example.net,(881)389-6101x54333,"420 Mark Crossroad Suite 270
Port Paul, SC 93567",2023-09-14
d86a9fbf-54c6-4082-84d5-f8884239df12,Curtis Watson,cindy97@example.com,+1-391-774-3465x271,"1555 Jeremy Shoals Suite 327
Alexside, NM 09221",2024-12-26
79e4d6c0-8009-4789-8b69-f3bc30357425,April Wood,timothy93@example.com,688.870.3778x63293,"98823 Young Landing
Tamaraberg, WI 26207",2025-02-27
a1301d4e-8077-4035-addc-0f5267482461,Amanda Ryan,vcameron@example.com,286-980-4520x210,"8778 Brown Mountain
South Teresa, DC 55923",2021-09-12
ea21d3e9-fbd9-415d-95d3-ed661dcf1698,Autumn Palmer,tyler65@example.org,001-203-732-9907x5474,"6358 Williams Grove
Port Davidton, ID 18478",2024-08-13
e577b1a5-80bc-48e6-bfc6-bcb62af8f212,Sydney Hampton,warejessica@example.net,001-517-692-2341x29198,"19226 Green Islands Apt. 318
Robertborough, WV 17056",2024-07-05
87b1bc61-1813-4d3e-87c6-c764f4c2da0a,Anna Martinez,pam82@example.com,837-550-5377x996,"035 Susan Courts Apt. 951
Younghaven, MP 62488",2021-03-04
ced403fc-275a-4c31-b679-25e6663ccf2c,Brian Jenkins,hawkinsaaron@example.org,(586)979-0615,"Unit 9693 Box 2127
DPO AP 47334",2020-09-15
d90b43f1-adbc-4173-b78a-7fc560722d02,Thomas Johnson,michael83@example.com,635-376-0294,"7340 Torres Streets Suite 435
Rodgershaven, AK 87680",2023-12-02
037410ae-48da-410f-baa1-74f81076fe69,William Garcia,zacharymartinez@example.net,+1-313-364-8612x442,"18307 Becker Vista
East Judyside, KY 46276",2023-03-25
544b37d3-a1f8-4d47-a78e-06dc1a4959ea,Laura Garcia,johnsondavid@example.net,955-492-1854,"Unit 3095 Box 3317
DPO AP 22667",2024-10-31
14a1a0ca-7712-42f9-a174-56c632064876,Thomas Hester,kaitlynrobinson@example.com,(705)973-4324,"2895 Scott Pine
Lake Markview, WI 52057",2023-06-26
b1006bb7-9fc0-4212-a3bb-1dc17dd6bacd,Michael Hill,henryallen@example.net,001-570-484-9183x833,"178 Catherine Crest
Brianfurt, FL 72080",2020-07-23
d560ddc3-3236-43ad-9f3f-5118742692f4,John Rios,brussell@example.org,5768165789,"6182 Laura Springs Apt. 681
Lake Mitchell, CA 74628",2024-04-20
7c576226-1229-42e5-ab8c-6aa978f1b86c,Walter Stokes,gonzalezangela@example.net,+1-970-759-1020,"296 Johnson Bypass Suite 670
Danielfurt, GA 55349",2021-11-11
fac699d6-be45-4ab2-a082-8e2158788e8b,Sarah Henderson,willie80@example.org,362-847-3358x69651,"651 Davis Islands
East Thomas, PA 48161",2020-08-19
eff7fe76-cd36-4932-b24c-6cc0a502496b,David Peterson,jescobar@example.com,385-816-8967,"1659 Debra Cove Apt. 651
New Darryltown, TX 49579",2022-05-15
066532cf-f586-4790-abb2-d672779daaa0,James Nelson,gmartinez@example.com,001-977-696-4840,"61797 Elliott Terrace Suite 858
New Charlesmouth, MN 45609",2022-08-24
03d8ce11-f6c9-4eaf-a6e5-436ee60a600f,Adam Beltran,xvaughan@example.org,239-831-2061x8597,"3059 Osborne Stravenue Suite 503
Monicamouth, CO 40310",2024-02-07
b089b169-3916-4dae-819c-aefe98c47aa7,Zachary Hughes,michaelbrown@example.org,+1-727-368-3918x22769,"91120 Clark Club Apt. 621
North Jerrychester, MN 33043",2024-02-15
2281c964-4f6b-4a7e-be34-4bef9e0d3f40,Dr. Samantha Edwards DDS,sjohnson@example.net,612-759-4265,"9881 Wade Vista Suite 829
West Keith, GU 02362",2020-10-14
5d011661-620f-4542-a538-7ee4ae79012f,Cynthia Werner,connie05@example.org,412-949-8238x27812,"80820 Veronica Springs
Dominguezburgh, GA 23640",2022-09-08
6a1cf4ff-2a17-4471-97b6-3616b8faae7e,Michelle Baker,zpoole@example.com,920.768.5775,"5144 Mccoy Summit Suite 624
West Sara, ND 86389",2024-01-21
e20cc154-13fa-45ce-baaa-b9e1f9827a9d,Kaitlyn Johnson,valerie13@example.org,4659779460,"48064 Horn Fort Apt. 574
Port Normanborough, AS 61207",2023-07-07
5d443dd0-adef-45d5-a0fe-8617330b6f58,Charles Collins,rromero@example.net,(948)313-8373x54843,"Unit 6565 Box 3228
DPO AA 02258",2025-03-08
e7973307-ae9f-4876-8400-b70352cd0570,Michael Mcgrath,alexismiranda@example.org,630.887.3454x40744,"4016 Stevens Lodge
Port Amber, AR 59931",2021-11-10
280ba312-9ed2-4fee-8948-1d7e96f0199e,Jonathan Thompson,jadams@example.org,740-264-8457x31806,"846 Phillips Square
Robertsfort, UT 70206",2023-02-14
1eb03793-bfb1-4448-b7b7-14191175eaf8,Andrew Johnson,kellymoore@example.org,001-529-785-7962x6717,"189 Walker Bypass
New Margaret, SC 29366",2020-07-23
a699733f-6fad-4c88-9cc9-f5e0080a5268,Patrick Hughes,harrisonrichard@example.net,606-406-8033x2093,"USNV Jennings
FPO AE 51944",2023-01-01
603f510d-25b7-4550-b253-25021ee5ae0b,Fred Henderson,alyssa33@example.net,001-426-768-9435x844,"980 Sharon Tunnel
Codymouth, AS 09582",2025-01-09
0e9c4a53-b1e9-48bf-95f3-901efe082914,Dr. Jessica Parsons DDS,rwood@example.org,972-574-8224x42774,"Unit 1557 Box 8192
DPO AE 91941",2021-08-28
c9784453-739f-4614-98d4-3e0e97810e7e,Linda Torres,myersangela@example.com,786.716.2061,"5713 Delacruz Burg Apt. 049
Edwardsburgh, NJ 06964",2023-05-16
dcb9af0d-5586-49a6-9e6a-988b8234803e,Kyle Carter,nicolefrench@example.net,241-553-2717x226,"436 Eric Drives
Port Alan, SC 32137",2022-01-09
e18fe609-b585-4e62-acf0-454bb0a19f6e,Crystal Castro,bestjimmy@example.net,573.628.6553,"9671 Ross Mount
New Ernest, KS 44325",2023-05-26
d134e37b-d9bb-48b6-8d3c-79421fdb0456,Mary Holder,justin93@example.org,876-506-2503,"7289 Ramirez Mills Suite 978
Mcneilmouth, PR 25268",2020-09-23
7afa300a-53b0-482c-9ffb-9339e4312c98,Brian Sparks,michaelwalker@example.net,651-678-6669,"6642 Sherry Lake
Michaelbury, FL 32572",2022-12-25
7c43fccc-d4db-4fd4-9904-015dddca27f8,David Henry,pittmanbeth@example.com,001-972-347-4078x6330,"031 Tracy Forks
North Tanyaville, MH 44913",2022-06-01
8c88a8c1-3920-45dd-83eb-4d9ba1213ed9,Matthew Jensen,bentonluis@example.net,3914703160,"USNV Martinez
FPO AE 18896",2023-10-01
02c9ee7e-c040-449f-b163-817684fb6e98,Kristen Hernandez,stephanie93@example.com,001-405-389-2385x169,"66493 Roger Ramp Suite 413
Christinamouth, PR 10021",2021-10-30
0f0d2e11-e270-49fd-a7d3-79981c29d264,Nancy Hunt,anorris@example.com,+1-449-482-4215x08898,"930 Koch Curve Suite 147
East Robert, FM 59867",2023-05-19
a454e97d-5b5a-496d-8b9c-139b13f0a880,Steven Lewis,beckerjessica@example.net,259.966.3791,"6155 Carolyn Walks
Lake Michelle, IN 84403",2023-03-21
6ace091d-7755-464d-a59e-64aaf5f0ac43,Abigail Mason,tcollins@example.org,001-573-387-4028x212,"PSC 7943, Box 3600
APO AA 79343",2020-07-05
58de5cf3-d891-4b33-a18c-87d9337f12f5,Anna Davis,michelle27@example.net,001-261-576-6629x35525,"78097 Yates Place
Smithburgh, IL 45280",2022-12-22
d5d87ea4-de2b-4374-853a-e39b6e7da218,Charles Sanchez,davidlarson@example.net,860.518.5935,"288 Cohen Dale Apt. 138
Martinchester, UT 85577",2024-05-31
d8bdabf7-23ea-4f82-a477-e2734a2c11ce,Jeffrey Savage,smithscott@example.com,001-569-463-7456x44403,"PSC 7469, Box 8659
APO AA 75302",2022-08-24
72d4996a-0c7c-44fd-9099-e8ba8c568c64,Penny Johnson,michaelmiller@example.org,5862040899,"1241 Patrick Meadows Suite 554
Michaelfort, AR 37727",2021-01-25
4df9ec33-826e-48a1-8795-19dd961e0c2f,Sharon Robertson,aaron22@example.net,001-284-558-4401x89208,"6399 Nichole Green Apt. 364
Lake Michaelville, KS 42963",2024-12-21
a219ea5e-3a4c-475f-a323-292bfa821efc,Mary Leach,plutz@example.com,217.975.5993x846,"Unit 9075 Box 7162
DPO AE 64106",2024-12-08
190bfbc8-42d9-46d6-aba1-b9b91e42836d,Debra Diaz,spearskathryn@example.net,001-572-689-8978x302,"7352 Hicks Bypass
Aprilmouth, NM 10031",2023-10-04
e9492477-d883-47fc-923a-c7d5a509676b,Martha Lee,fhernandez@example.org,(279)819-2741x9238,"7023 Steven Island Suite 889
Ortegafort, AL 05433",2024-10-15
a8ecfb7f-690c-4b12-868c-a97b1de87510,Mrs. Ann Campbell,ghamilton@example.net,421-569-1548,"858 Ramsey Mountains Suite 253
Sherrystad, MN 52147",2020-12-21
a4b6c199-a49d-4348-973b-ab54ddf9fc81,Andrew Klein,russell76@example.net,(973)424-1980x29749,"308 Jeffrey Mount
New Christinamouth, FL 01426",2022-07-06
14462cf0-9747-4d4f-a40d-2f44ac1f4296,Cynthia Peterson,cpham@example.com,001-926-209-9948x3724,"8853 Dodson Points
Boonefurt, MN 76157",2024-08-31
71b2c54c-9ba1-4daa-a99e-0da004b48ba8,Anita Carlson,anna41@example.net,001-297-850-8972,"9821 Donna Stream
Angelicaberg, NC 53062",2023-10-06
409c039f-b55a-4bbb-bbc5-38462ba28707,James Herman,hutchinsonkimberly@example.org,001-880-836-1306x087,"77967 Haynes Terrace
East Bryan, SC 63621",2021-05-23
e12a2013-cd2f-4bfc-84d2-a61c4666d09e,Zachary Gonzalez,dawn52@example.org,896.591.8131,"030 Nicholas Mall
Alvareztown, MP 10151",2024-05-24
988b4a46-cfd8-42e4-aed9-41ba2436950a,Gina Alvarado DDS,evansbrian@example.com,763.554.1293x870,"8519 Newman Common
Walkerport, ID 44842",2020-11-01
1ed080f9-e769-4f38-8e0a-8b14c48e1e51,Sharon Lee,william09@example.net,7188049566,"6336 Timothy Mountains
Stevensport, AK 15039",2021-02-12
a6832a8c-f6d7-4027-aa81-3bec5ea835ec,Richard House,browndonald@example.com,929-263-4545x04240,"177 Carolyn Radial Suite 737
South Jose, WY 09752",2022-01-24
b4ded769-2252-4bf1-a8d7-682f4efc97da,Brenda Hutchinson,richardssusan@example.com,(211)596-7537,"006 Vicki Park
Port Ambertown, NV 38165",2023-04-26
4fb2e05a-83bd-41bb-9bd0-bcc7d78ac2cb,Michael Dillon,mistylewis@example.net,488.496.2814x0674,"57577 Edwards Pine
Huberview, NC 06558",2024-02-02
68ac2edf-1845-4e32-a792-b7149ba44f57,Timothy White,susanbarnes@example.org,798-470-7087x48649,"6662 Anthony Plaza
Bartonland, CA 03806",2023-07-02
06151b5b-45a5-4396-b366-c76911c31990,Kellie Reid,cynthiarubio@example.net,(225)998-0753x8496,"8447 Garcia Expressway
Armstrongstad, IA 51613",2025-06-06
28c2acb1-d43e-449d-a097-5990190a3fde,Mrs. Leslie Bryant,james40@example.net,001-337-436-4624x39474,"15855 Michael Summit Apt. 410
New Latoya, NC 97701",2024-02-15
5ae36d34-36ab-4340-b989-fa993a0754e3,Daniel Williams,carrillofrancisco@example.net,+1-796-883-0482x97105,"9991 Kyle Radial Apt. 326
North Sandra, WV 86184",2022-10-21
c5560b4b-c3c8-4315-ad59-57823ed210ca,Nathan Lee,galvaneric@example.org,706-918-7351x723,"9672 Nelson Valleys
Rodriguezside, HI 64214",2023-12-25
65e8a188-8ea3-46ca-9b50-19b00162cc3d,Robert Adkins DDS,shannonolson@example.com,(386)818-0443x1786,"Unit 8649 Box 1440
DPO AE 99651",2022-10-18
cf2231d1-6695-4b25-8302-794868d1146b,Laura West,uallen@example.org,693-993-1051x05527,"352 Andrews Tunnel
North Evanview, UT 38770",2024-01-06
a5fb3728-dbb3-4fa6-ab0c-6d66abe8c6ed,Morgan Moreno,mayoallison@example.com,580.477.4521x159,"65722 Jasmine Heights
Chandlerfurt, WV 69076",2025-02-19
18a9fbc4-62d5-49e0-b25b-12d9f3cf1e84,Joseph Mora,williammartin@example.net,+1-650-288-3932x91002,"64597 Reeves Neck Apt. 531
Kristenchester, ND 32847",2022-12-26
d4131545-c629-473e-8a38-49d7362f0332,Amy Pope,eadams@example.net,001-290-445-9962,"06276 Sarah Green Suite 282
Cooperbury, CT 42049",2020-08-25
6d22c7a2-300f-457b-8c83-67aa584fc1a2,Heather Mahoney,owalsh@example.com,379.920.0509,"0864 Lopez Loop Apt. 472
West Sharonfurt, PW 72506",2024-03-22
b2c4f594-e193-45f7-8150-5da54ca15cce,Helen Russell,carneysamantha@example.org,416-607-6026,"Unit 8020 Box 8329
DPO AA 06887",2021-03-20
453adba4-842d-4bef-a71d-5bef0e2ed643,Daniel Campos,barrettcharles@example.org,682.621.8428,"11100 Mark Spurs
Andrewside, PW 65705",2024-05-31
3e369cdf-27c0-4b8c-892c-01292642ce14,Kristen Fitzgerald,carol47@example.org,570-805-5599x107,"40634 Moore Trace Suite 697
Lake Albert, ND 22011",2020-11-06
0b0849c5-5b0e-4078-bb56-62f44c07571b,Brianna Smith,baileyroberts@example.net,576-778-2581x5008,"884 Karen Squares Suite 839
Stephanietown, MH 96465",2020-08-03
24914b6a-7998-41ca-a7da-6531d37b0625,Ronald Harper,ramirezjose@example.com,550.482.8713x5434,"27304 Banks Trail
South Anitamouth, WY 85439",2021-07-13
e3fe7c21-a2d3-436f-8bda-2835176ff48c,Michael Butler,brianna29@example.net,001-276-845-3688x163,"7803 Veronica Islands Suite 168
Lake Christopherbury, WI 08151",2024-03-13
c22281a6-c4c6-429c-9e36-585c0131cdd9,Laurie Porter,wyattjennifer@example.com,891-612-9079x3961,"27470 Travis Ridge
Perezport, WY 31467",2023-01-07
b3c7f521-fc19-4b2d-ba01-43b7e08c962f,Miguel Smith,charles60@example.net,858-824-1494x49609,"43927 Ward Fall
Sarahborough, AS 94683",2022-07-30
0ad70969-4895-4b55-b80d-d16fc7e9bc6f,Louis Smith,mitchellluke@example.org,+1-747-595-4948x20957,"58862 Karina Underpass
Vancefort, PW 92931",2021-09-06
1eede38d-9867-4bb1-a016-922db8270192,Crystal Phillips,lisa30@example.net,200-490-8694x536,"542 Lauren Forges
Wolfberg, ME 21252",2020-08-28
b543f040-9d76-4f7a-b196-d09909d8b669,Cheryl Blair,hernandezjoshua@example.org,459-607-6621x20843,"2392 Curtis Meadows
Port Laurenton, NH 56832",2021-07-01
4994669f-d8e0-46f5-963e-6aa4fce22dcf,Courtney Morgan,schmittjacqueline@example.com,407.645.1150,"90051 Jeremy Green Apt. 677
Jonesburgh, VI 11503",2023-07-03
9a5e9ecf-192e-45c1-9789-923511b4733e,Julie Vasquez,nsantiago@example.net,+1-855-721-8702x7226,"23491 Shawn Highway
New Tiffanyburgh, AZ 32362",2023-06-26
2b88c597-7259-4f20-bc7d-77f6dd5f8008,David Clarke,wrightjillian@example.org,494.692.8150,"2377 Shannon Knoll
Gallowayberg, NC 15609",2020-11-05
9a336c9b-f99d-4b0f-b5aa-eecaeb0060bf,Matthew Clark,kellycarney@example.net,(842)780-2672x1381,"84186 Michael Motorway
Lake Meganhaven, CO 40692",2024-01-25
d4ffd025-827e-460d-97fe-2fcc4d3c378b,David Baldwin,acarter@example.net,+1-495-805-7536x8682,"663 Sara Lodge
Lisamouth, ID 19587",2023-06-22
bb988477-742f-42cd-853f-aee9e060a307,Hector Ayers,marie13@example.com,7018210876,"020 Hamilton Forge
Caroltown, AS 25750",2022-12-02
890bae6e-3e25-4cb1-b402-1431f60e8f46,Marcus Burgess,wgraham@example.net,+1-242-646-0156x33334,"4813 Riggs Manors Suite 620
Brayland, SD 54665",2023-08-20
eda4f86d-0d16-466f-a3e0-e3dc803e87c2,Joy Morales,alexander37@example.net,316.877.0694x9802,"0669 Baker Throughway Apt. 120
Lake Meghanland, SC 68392",2022-03-18
f0279c16-0629-4d50-9b22-99e61a53c33c,Victoria Anderson,beckergeorge@example.org,+1-451-436-1186x282,"455 Johnathan Junctions Apt. 914
West Deborahbury, ND 93736",2023-06-19
feeeecd0-726b-465e-9f7d-2bed23a95429,Sara Williams,lisadavis@example.org,(469)635-0552,"794 Eric Villages Suite 776
Laurenmouth, AL 26220",2024-05-09
fd51ce36-3a1c-4a0e-87d4-d3301de8dc88,Nathaniel Williams,julie87@example.org,797-272-2862x889,"821 Pamela Row Apt. 331
Leeshire, AL 35324",2024-09-03
ec325772-9d71-4451-9c99-77b327ad813b,Courtney Ward,jennifer66@example.org,001-781-685-6175x233,"5531 Whitaker Wall
Washingtontown, VI 52342",2024-07-18
b08913c1-1046-4f13-b6fa-74c77132fb7a,Lori Allen,hcarter@example.org,584-461-0365x38193,"86167 Heather Square Suite 719
North Brendamouth, LA 91574",2021-11-03
c39e3a58-73da-4682-8738-06b8ef2eecb8,Joseph Hill,grantpadilla@example.com,(804)472-2354,"01043 Mary Mission
New Megantown, SD 17564",2020-08-16
b8410337-6164-41ca-a23b-ed6f80413eec,Alan Cantu,brendabrown@example.org,429-779-6119,"USCGC Ritter
FPO AP 47804",2024-06-17
b9624788-7542-4c7a-add1-8b41215f8589,Mike Douglas,smithkathryn@example.net,503-293-1805x511,"44110 Shaw Mountain
Kellerton, VA 79973",2020-12-06
f7195376-06ef-409b-bb95-435c610fe687,Trevor Johnson,ftorres@example.com,001-514-786-6261x141,"PSC 7385, Box 2667
APO AP 72749",2020-12-11
982dc2a9-cd97-4e60-8e61-4f4b409506fa,Vanessa Morrison,joshualutz@example.net,(486)488-3111,"45410 Howard Courts
North Bradymouth, LA 49858",2022-09-14
3900f35e-349e-49ee-8475-ab2a3a3debf6,James Diaz,larrynorman@example.org,783.846.7441,"59392 Rebecca Valleys
Zacharymouth, IA 07022",2023-11-19
97d8e43e-e06b-4681-a265-3775502f4af8,Mrs. Veronica Silva,usalas@example.com,(584)580-3756x1788,"PSC 2082, Box 3322
APO AA 36258",2021-01-08
27f6b61a-2774-421d-bf9d-d57e72453d8a,Anthony Hudson,hallnicholas@example.org,647.201.6264,"670 Anderson Estates
Rodgersville, PA 59061",2025-01-01
7caf1d34-a910-48aa-8e71-5457b6fde4f8,Paul Thomas,rkhan@example.com,(435)302-9474x37982,"9962 James Burgs
Mendozaburgh, IA 19413",2024-01-10
dbc8de6d-8b48-4d9f-b310-e14afcffa427,Dawn Velazquez,cellis@example.org,001-395-918-1458,"35000 Palmer River Suite 171
New Jodi, NJ 13386",2022-08-30
a9990f06-06c3-476e-83f3-9111877c19c0,Adam Edwards,edward25@example.net,001-304-935-8528x656,"7874 Dawn Plains Suite 011
Hudsonport, FM 37184",2023-11-04
e08096f9-37b6-4c71-9252-e5088180217a,Erin Riddle,hopkinsbridget@example.net,(579)977-6212x941,"712 Julie Courts Apt. 454
Port Jenniferfurt, MP 08923",2022-08-07
845ba1fa-e3a9-4bde-9ff7-89d370f0ecfc,Stephen Moore,kelleymary@example.net,001-230-453-4693x570,"48939 Amy Terrace
Villegaschester, NM 11505",2022-07-01
d400edd2-8ee4-4541-a9da-8e8a1a388922,Monica Hernandez,katherinebarnes@example.org,466.322.2117x5972,"022 James Mountains
Lake Noahside, CA 03315",2020-12-07
cb790c7c-1f10-48f3-bdb1-e8a1ce925f94,Nicole Medina,jamesaaron@example.com,+1-760-744-6135x34249,"26375 Erica Neck
New Adam, FM 29919",2021-09-30
b56bca80-3ed6-44d1-b715-9b67f724247d,Kevin Paul,cmorales@example.com,468-213-6967,"066 Dudley Lane
New Laura, DC 11994",2023-02-23
65b0da41-80b7-45b1-a27a-71d4a064f737,Phillip Gonzalez,vmarks@example.org,001-910-651-2623x2807,"319 Roth Keys
Franklinland, VT 46408",2020-11-05
aee959db-7b8f-4257-9a23-e0fb89fade32,Anna Williams,aparker@example.org,622.592.7923x9173,"4708 Nguyen Islands
Chaneyside, MD 04427",2021-04-19
0bf1f8d5-f1d5-4462-8634-150e2c97f633,Derrick Hunter,amanda62@example.org,(285)833-8998x579,"68631 Walker Loaf
Nicolechester, OR 55392",2021-05-12
f2c23d07-1603-4e6a-82a9-179f98fb8acb,Holly Henry,shelley97@example.net,001-989-483-3417x33771,"PSC 2048, Box 1821
APO AE 08851",2024-01-25
3a86c98b-89b5-4703-9aad-17f6bf2d0645,Jason Elliott,kendrabutler@example.org,276-822-2606x177,"413 Rojas Mountain
Whitneymouth, NJ 94286",2024-12-24
554daa4d-91ba-48b2-8a99-e48c88c4330d,Benjamin Murray,tmoore@example.net,585.967.3258x80745,"84821 Smith Fork Suite 336
Port Jennifer, MO 93735",2022-08-26
438ab40a-cc13-429c-a487-f3cb3e916461,Matthew Bell,adamschristopher@example.net,(842)927-7853x023,"192 Johnson Pine Apt. 620
West Cassie, DE 80167",2023-07-27
9dcb9343-baa3-432e-a8ea-9c52bd065f23,Mr. Travis Mora,jenniferroberts@example.net,9967732820,"49634 Joy Ramp
Mooreview, GU 37485",2022-03-25
d4041bc8-8c8a-4920-b746-8c9cc6261482,Stephanie Morgan,michaelboyle@example.net,+1-336-422-4762x0913,"81439 Tammy Terrace Apt. 143
Mooremouth, ID 27628",2025-05-24
34a60242-3170-4064-b210-00b35b008852,Sean Graham,juanwilliams@example.net,+1-772-425-7914x8386,"61027 Jones Brook Suite 029
Boltonchester, GU 38914",2023-09-17
d1711426-1f67-41e1-97c7-ab99f3870563,Gregory Knox,daniellewebster@example.com,963-323-6976x439,"USCGC Davis
FPO AA 83470",2025-04-18
69dfc0e5-0c09-438a-b878-953d87bf4da4,James Merritt,richardpayne@example.net,8408447231,"52351 Austin Oval Apt. 621
Stoneside, OH 86179",2023-08-04
294f49d2-015a-4ca3-985a-689d2240ee47,Victor Hawkins,jeremy55@example.org,+1-490-235-1749,"294 Nguyen Brook
North Terri, MO 38404",2020-11-04
ae52be2b-5fb4-4ccd-b6f9-889f95507d3c,David Thompson,baileyhughes@example.org,207-723-4820x4299,"USS Holder
FPO AE 51297",2024-09-27
a17e33ee-30dd-4414-85fa-3ae6a6f2bcea,Matthew Craig,randy36@example.com,(448)853-0884x845,"9829 Flores Stream
Pattersonbury, IN 25432",2023-05-20
9d37afc5-e08e-46ed-b60b-6607411d0907,Michael Daniels,awillis@example.net,337.947.2501x5605,"08280 Lee Lake
North Christopher, MH 30365",2020-06-24
69ca8ce4-c711-4e3b-9991-07aceb001490,Cassie Rodriguez,stephanie55@example.org,001-659-768-5160x616,"Unit 6359 Box 1446
DPO AP 71332",2022-01-09
1f77b00f-0f53-4088-a9fe-29fff44cdb75,Joseph Murray,nguyentimothy@example.com,400-983-7569x6063,"PSC 4329, Box 2162
APO AA 93025",2021-11-21
2c2162ca-f767-45f5-a335-8128f6a57c2e,Kimberly Ballard,millerronald@example.org,+1-427-560-5048x3412,"0391 Cook Camp
East Brooke, MH 64008",2021-07-29
70469fbe-1bdc-4e3c-a7b2-8ead0f7093f6,Theresa Williams,jacksonapril@example.org,001-404-911-7659,"28489 George Canyon Suite 095
North Jenniferport, MS 55994",2022-05-03
b9e02c2b-eddd-43ac-a843-caf068a2dc53,Joseph Torres,julietapia@example.org,(946)575-8769x8743,"70402 Wallace Estate
Rossfurt, MH 64429",2021-10-03
616fbb14-c541-4492-9c65-ac6a94844851,Jennifer Dawson,hwilson@example.org,473-758-7941x541,"80588 Bishop Rapids Suite 247
Amandaberg, IN 48523",2024-05-11
b7459ad0-5560-41f4-b58c-87f64ec9b4f3,Victoria Hatfield,nbrooks@example.net,001-877-677-5193x14082,"69014 Estrada Stream
Port Jeremyton, ME 64292",2024-04-14
0efad9ef-f1e3-49d1-8ac8-49a4116b5705,Angela Harper,tammyroberts@example.org,479.396.1172x494,"03806 Kelly Crest
Michellebury, CT 06811",2020-07-14
8548d3c9-b173-4164-94f1-916177853c6c,Dustin Smith MD,ltaylor@example.net,622-827-1943x71370,"4190 Lisa Burg Suite 244
West Teresa, MA 08889",2022-08-23
5ae0e7b4-174f-408a-bb61-620239833dfa,Justin Castro,jonathanaustin@example.net,(869)417-0081x828,"5501 Theresa Valley
Lake Garyport, RI 29678",2023-04-02
54aed8fb-3227-4dd6-94fa-56e488ab0edd,Gary Stone,reneeadams@example.net,910-341-5520x4037,"25231 Robert Plains
Lake Nicholasland, NH 35235",2024-06-09
578292e2-5be8-4650-9da2-394e9c978cfe,William Gutierrez,jay47@example.org,(538)782-4242x6506,"716 Conway Loop
West Patrick, OH 87249",2022-08-24
7585d03c-3d78-4b14-84fb-fb2ea0509226,Michelle Patterson,singletonsamuel@example.org,001-877-878-7027,"085 Cooper Trail Apt. 855
New Daleville, GA 27548",2023-01-11
156dc703-19ee-46df-8796-3aa36c819bd7,Edwin Burns,samanthaspence@example.net,863.508.5530,"03618 Christopher Springs
Floreshaven, AR 79958",2024-02-05
51c6d491-9fbd-4194-b7d6-69b6e6e92757,Steven Russell,xramos@example.org,3758633023,"893 Silva Rapids
Ashleyberg, AZ 42306",2023-06-13
6f9a2d69-ec34-4f98-b194-2c3a68a6a363,Heather King,amberbaker@example.net,871.466.2087x2965,"39089 Dustin Corner
North Matthewport, WA 94886",2024-03-19
c04393b7-a89b-4b91-9db6-632da758387b,Kyle Barnes,umiller@example.org,770.778.5501x939,"3619 William Glen
Lake Charles, CO 90429",2025-03-15
87d18b50-422b-42e0-a5b1-1f734fc4f853,George Duke,ssanchez@example.com,887.571.3975x5745,"8769 Bailey Skyway
Hillfurt, OK 86631",2025-03-03
32bf5a7e-a6c1-4e34-ace6-b87b741e878d,Krista Hall,stevenwalker@example.net,578-947-6281,"059 Brad Street
East Jeffery, PR 62640",2022-05-28
e2363289-28e6-49cb-8040-ffe0288e1e31,Rebecca Robinson,christopher66@example.org,323-865-5034x355,"8615 Nelson Shoal
Bowenview, ND 97378",2020-12-20
f1d74b47-3354-439a-8e9e-3505da5b614d,Derek Rollins,anguyen@example.net,3514337897,"39586 Anthony Parks
Lake Teresa, NV 76194",2021-09-16
7b8813e1-89b6-4d8d-9f9a-32839a0ad415,Elizabeth King,lisa84@example.net,9229665372,"5663 West Viaduct Apt. 920
West Heathermouth, AS 33620",2023-01-27
9ded0bee-acd0-48da-bc15-ba1dfd0daed1,Christopher Nielsen,davidwilliams@example.org,001-939-903-9662x658,"094 Hampton Road Suite 478
Lake Larryberg, GA 06235",2025-05-23
56fb4cb2-3c46-46aa-893d-14b1513d2276,Anna Mccoy,ericalvarez@example.com,779-598-1688x3702,"8551 Timothy Garden Apt. 117
Lake Donna, CO 10289",2020-09-22
516609fc-7177-436f-a5cf-89b3b67863c5,Sharon Yang,timothytownsend@example.net,001-964-310-4141x0160,"54625 Michael Lodge
Port Timothymouth, RI 65434",2024-05-23
ead543fa-727e-4f25-a66f-53fde8a62c9c,Daniel Lopez,elliotteric@example.com,+1-878-272-6902,"447 Gonzalez Ways
Lake Matthewstad, FL 44460",2020-08-11
4751261a-fa1c-4e3d-9b47-b76164cb33f4,Linda Cruz,sstewart@example.com,669.534.6514x03631,"2778 Gentry Trace Suite 568
North Amberborough, MS 88693",2024-01-05
e5fcc803-345f-4e37-955b-f5c4251c6687,Wayne Frye,espinozarebecca@example.net,+1-412-434-3684,"782 Gallagher Club
Port Thomaschester, ME 38891",2022-10-23
90769516-8ef2-4ab0-bf90-4ede63a42644,Matthew Jacobson,nicole79@example.com,2553000272,"32651 Odom Forges
Suttonport, ND 30608",2022-09-06
2d10d701-80cc-4f29-b926-bd9af2891afb,Keith French,mistyhartman@example.com,(763)680-0346x0196,"709 Smith Trace Suite 707
Hubershire, MT 49882",2022-04-27
8ae7d520-20ae-4302-afd7-9252a4392e9d,Christopher Turner,colin31@example.com,854-787-7598,"0750 Matthew Roads
Melissafort, VI 05422",2021-04-14
c19fd2e5-7e3a-43d8-bee3-5d944306df96,Brandon Greer,jeffreyparker@example.org,241-414-2000x67810,"1793 Richard Meadows
Moralestown, NH 58080",2021-11-03
6dc9fa48-b0a3-4caf-b214-d8b2a2772f4b,James Baird,jennifer70@example.org,601-519-3727,"824 Carolyn Mountain
Martinport, NY 55555",2023-05-02
088959e7-3c56-4102-a507-860ffcb80de6,Jimmy Ryan,ronnie14@example.com,001-685-772-8538x1951,"43706 Decker Park Apt. 866
West Deniseton, PR 74178",2021-12-23
34165804-85a4-4669-910e-3bad8c65bb6a,Jeffrey Russell,ryanscott@example.org,7668958732,"USNS Smith
FPO AA 00893",2021-10-22
a036f43b-865c-4c0d-bc90-7f66d4113aa5,Jeffrey Robinson,yfitzgerald@example.com,763-347-7200x86973,"72472 Elizabeth Forks
North James, GA 08904",2020-11-16
ff85c226-4011-43c0-b9ea-fa4cc8d88b12,Donna Thomas,nicholsjacqueline@example.com,(559)702-7780x51003,"4487 White Ridges
South Stacey, WA 48339",2024-03-31
8b416b27-8c8e-4f50-aa2c-52ba6949df15,Ashley Campbell,philip89@example.org,852.806.7359x198,"10867 Esparza Extension Suite 632
East Jenniferport, TN 47897",2023-01-18
c03e2b34-826d-4ac6-a544-dc0670a13557,Cynthia Harris,brookebentley@example.com,334.916.5426x781,"083 Smith Villages
Christopherville, TX 58317",2023-11-05
1c54be94-fbac-42e3-90d0-fe331af00c8e,Brooke Clark,boyervictoria@example.org,001-633-798-8233x268,"365 James Parkways
Castilloton, MI 17343",2024-09-14
31ccf82c-5cb0-4747-810c-3c34cf0a038e,Charles Allen,xjones@example.org,3187724324,"02248 Jefferson Views Suite 827
Karenmouth, MA 00558",2024-03-30
17be594d-c93b-42b9-bece-60647d40476d,Jeremy Colon,jasonholland@example.net,001-824-957-8956x2280,"952 Foster Corners
Riverastad, MH 67134",2022-09-03
933e74c7-6889-40d8-ad27-5d6b9a1cc06e,Jessica Miller,benjamin30@example.org,001-598-722-2315x070,"10142 Jessica Islands Suite 406
New Samantha, NM 14969",2024-10-15
8d78a38f-1281-4bda-965d-271c646a2706,Christopher Moreno,grodriguez@example.org,7307417276,"1762 Solis Ridges
South Mary, CT 79057",2022-11-04
8903bb07-e094-46cc-bfd8-eb281170cbe2,Steven Smith DVM,lrodgers@example.net,635-952-3808x6884,"0757 Aaron Station
South Joseph, MD 77250",2024-08-10
011a1807-1a2f-4a15-b25c-3ebd2d9774e7,Kara Cherry,rodriguezwhitney@example.com,6978718317,"3094 Cook Way
Jesseshire, OK 06379",2020-08-01
967d58d9-c204-4cec-97d5-a43ef65461e7,Heidi Lee,nina50@example.org,(776)953-2789x54240,"7451 Jennifer Village Apt. 204
Thomasberg, WY 81842",2020-09-05
52d2c238-cbd2-41b8-bbe9-6f909a838f89,Timothy White,nolanmelissa@example.com,(247)334-5707x59650,"21106 Ayala Corner
South Vickihaven, TX 69374",2025-05-10
75a54f45-82c2-499d-aa97-257dc64f105b,Alex Mack,mnelson@example.net,9234267844,"43911 Timothy Forks Suite 075
Port Kayla, FM 94726",2020-06-24
5a6638fa-2f7f-43ab-810c-6f3250481943,April Wilson,tina96@example.org,(506)573-2512x2479,"5988 Garcia Stravenue Suite 536
Port Jacob, OH 57931",2024-10-21
b312ed79-b728-437f-b782-647594697d73,Paul Holt,hodgeantonio@example.com,9217186642,"6489 David Mission Suite 036
Myerstown, OK 76423",2023-03-09
66cc3670-a5a1-42a8-bc50-1c34f893a1fa,Lisa Davis,walkerphilip@example.com,+1-580-227-5799,"689 David Forges
Taylorhaven, AK 14539",2020-11-12
778a9fc9-5ca2-4a1c-9007-ad1f6cddfff5,Mrs. Rebecca Young,daniellepayne@example.net,+1-637-647-6842x9424,"423 Miller Haven
Josephborough, SD 52471",2022-04-01
f1654b80-d420-46d1-b42d-136655aa6cdb,Carol Collins,rlee@example.com,+1-502-553-7901,"505 Moore Stravenue Suite 052
Johnsonstad, MS 05682",2020-09-22
86d9060c-0fcc-440b-b434-1a8f3b86b7d6,Brandi Bradley,maybrittany@example.net,+1-209-800-9925,"9572 Kim Oval Suite 930
East Lauren, IA 42202",2023-05-07
ccd9645b-50b3-4987-af1d-4d181ee8d342,Madison Reynolds DVM,davislindsay@example.org,710-964-6772,"744 Carl Mountain Apt. 351
Feliciaville, ID 23581",2024-11-14
88189aaf-bf1c-44c9-91ba-44bb43d306df,Rebecca Vargas,alexanderkennedy@example.com,(783)326-1167x0744,"3685 Erika Inlet
Raymondmouth, NV 88344",2021-04-13
b0b3c2cb-da68-4a99-8846-f7dc4bc14816,Carla Kelly,onealrenee@example.org,(376)628-1674x013,"711 Kendra Lane Suite 424
Jerryborough, WY 10331",2021-07-09
aa811800-1359-4647-a56c-81c0f80b2f5b,Shannon Perez,murrayterry@example.com,219.837.5504,"678 Mary Dam Suite 555
West Carrie, VA 53028",2020-12-28
f2ce6321-44c1-413e-98be-f19bb1de7ae3,Jeffrey Smith,zhayes@example.net,226.644.0202,"87880 Anthony Crest Apt. 748
Beckyborough, NM 03950",2021-08-08
7c102430-906f-4461-b9b4-253185873f05,Sarah Cochran,brian06@example.net,3774830122,"USNS Durham
FPO AP 79196",2020-07-21
acaa3daf-df1c-47f1-8759-70d9f3891127,Sherri Brown,alex25@example.net,(656)679-1727,"2185 Ronald Ridges Apt. 151
Perezton, MI 94244",2023-11-19
8a4947c7-65cc-4c35-943f-b47de1e19a01,Catherine Bray,aaron83@example.net,217-395-6922,"08148 William Isle
East David, VA 84833",2023-07-24
a1f59fa1-15bb-4d45-a0f5-d1797ef044e2,Angelica Higgins,scottchristopher@example.net,+1-426-463-8097x715,"5920 Heidi Summit Apt. 512
Port Walter, MT 14566",2023-11-08
0e3dd365-e742-4942-a584-b1117e7f38e8,Christine Ramos,wendysuarez@example.org,001-500-869-5658x32918,"641 George Extension
Lake Saramouth, CA 58828",2022-11-15
88cd2b6d-d203-4506-9682-2ad57791698f,Alexandra Cohen,martinwilliam@example.org,001-829-788-0245x06784,"7417 Jenna Manor
Dennisshire, WY 94009",2021-02-12
ea38fc80-dd8f-483b-b773-536fb0e6e119,Joseph Garrett,christopherdavis@example.com,567.830.0092x00209,"666 Stacy Crossroad
Perryport, NC 67009",2024-11-12
3b789ec7-e284-4bbe-aff3-fe4fe14546a4,Stephanie Alvarez,hansenjessica@example.net,001-609-335-1956x75299,"5620 Patton Squares Apt. 098
Richardfort, AR 42029",2024-01-29
3dfd13e7-63fc-400b-97e7-f2a9c89b555e,Vincent Johnson,john03@example.net,+1-295-740-8603x94014,"24762 Candice Ridge
East Edwardborough, IA 69550",2021-03-20
86037b39-afc4-4f65-9b90-9ea552dbf50e,Robert Bond,bjohnson@example.org,597.928.0043x5204,"2884 Bradley Harbors
Batesmouth, NE 17140",2024-08-12
5bc204b9-7d14-4e9c-88a9-6edb95ff49ac,Jenna Miller,chris90@example.net,+1-570-454-6073x23387,"8264 Antonio Ports
East Lindsey, FM 96677",2024-02-29
2f5cd36f-c6a2-4b3e-8c7e-b7cb9b70b5c7,Gary Wilson,qlyons@example.net,884.953.2671x92097,"9416 Williamson Forks Apt. 989
Websterburgh, PR 86584",2024-10-13
35aebe77-3c77-403b-aad1-0f79cde98600,Richard Erickson,kimberly50@example.net,001-973-387-0539x1401,"PSC 8282, Box 9456
APO AE 34860",2023-10-19
42e942bd-26aa-41e0-8f09-d0e5317b6132,Kevin Martinez,julieobrien@example.net,+1-328-834-9641x541,"23671 Cohen Fields Suite 454
Escobarstad, FL 45590",2024-02-13
32a24d00-da15-4a80-a241-ef1389f2d510,Theresa Franklin,william91@example.org,806-907-8352x99172,"2813 Anna Mountain
Jamesshire, VA 08018",2022-06-12
b0d34eac-ddb8-42ba-886a-39b4889b7982,Robert Ross,susanjohnson@example.org,956.418.5568x2781,"99732 Christopher Canyon
New Valerie, GU 06725",2022-11-04
12e2be73-ca26-413e-8769-b73c6b8b7e29,Justin Holt,munozdavid@example.net,(601)858-7943x6556,"929 Makayla Lights
Lisaville, AS 32004",2022-11-12
a8a3c0e0-d158-419d-8edd-37f2eea1250e,Janice Gonzalez,cliffordlittle@example.net,001-444-724-6752x76180,"432 Allen Brooks
Wrighthaven, MP 24282",2024-02-20
06986223-7fad-4b27-b4f8-24d07d5f338a,Keith Reynolds,fred06@example.net,(782)333-9371,"4790 Jose Curve Apt. 374
South Natasha, NM 64813",2023-09-02
fd173252-1568-4188-87be-171158499a9d,Tonya Smith,kyle07@example.com,277.634.0630x944,"227 Christopher Wells Apt. 220
Bakerborough, FL 63065",2024-12-15
12684805-d49b-4a6c-a2cf-2531b8477603,Leah Ramos,mooneyrichard@example.org,(945)613-1563x6295,"1329 Edwards Grove Apt. 340
Ashleystad, OR 78072",2022-07-04
8a16b88a-59d9-4044-bca7-54c3421f3b02,Shelby Bryant,tammy62@example.org,376-451-0227,"96156 Carpenter Island Suite 417
Phillipsmouth, PW 41545",2023-03-30
0696644d-b55d-4e49-9e3d-282a9c7c7b1d,Kim Campbell,leonmcintosh@example.com,001-438-890-1518x9552,"8296 Bobby Mews Suite 623
North Jennifer, KY 01535",2024-07-24
9e70401e-590e-4059-8e8e-3f184a1dcb8d,Melissa Harris,jameshays@example.net,2217977215,"5914 Harold Fork Suite 319
North Cheryl, AR 94864",2022-04-17
807e7ffd-99d5-49ab-9dd5-33526e6983be,John Woods,jhughes@example.net,504.998.4570x6284,"45735 Leonard Inlet
North Waltershire, FL 25668",2021-09-08
70bfd0fc-6d30-446a-93fc-662179db26a7,Brianna Watson,crystal64@example.com,001-867-403-6656x142,"4621 Brianna Corners Apt. 261
Robertborough, NE 45105",2022-11-14
92f6f18e-283e-4be8-a449-4a55a6ecc435,Eduardo Walker,ronaldcunningham@example.com,(255)661-9807x08989,"3740 Rogers Row Apt. 867
Port Henry, DE 29367",2023-05-27
1df5b63b-bd53-4496-b68f-841eb2ffb910,Steven Warren,moniquestephens@example.org,630-913-9244x68836,"4556 Andrews Forks
Juarezfort, AL 16136",2020-08-02
8a6905bb-b47d-4ed9-a68d-170dcae69fce,Juan Norton MD,cynthia51@example.com,(738)766-3879x8955,"89270 Kimberly Cove Apt. 155
Lake Alan, IN 33963",2020-09-08
d8803099-ba67-4509-af13-74c6185d41eb,Jill Parker,hilljames@example.net,946-537-1126x2681,"4618 Hickman Lakes Apt. 356
Port Anthony, MT 49573",2023-11-15
2e2b1f86-fba8-4ef6-b81b-95463402ed6c,George Newman,regina87@example.com,+1-835-625-0068x54261,"4408 Patrick Ridge
Port Emily, NV 94251",2024-09-08
c66ae992-b2bc-430c-9701-358574525c48,Suzanne Johnson,jamesblack@example.net,690.261.9793x29225,"PSC 5397, Box 0890
APO AE 04969",2025-06-05
4b3821ad-906f-45c7-8d28-f050a675bbac,Debra Ross,rebeccathomas@example.org,(576)416-9548x87925,"333 Joseph River
Karenmouth, KS 69384",2024-06-03
14590365-2cd1-4f71-97e8-44ea44dc173a,Nathan Mcbride,davidwallace@example.com,709-695-2236,"6349 Martinez Via Apt. 659
Port Loristad, NV 69029",2021-11-29
63097dd0-efba-41bb-a06c-f97861592af6,Elizabeth Gardner,martinsarah@example.net,001-423-680-9803x44280,"1892 Wheeler Light
Josephfort, MD 55992",2023-03-29
f98d3e4c-3c47-4f20-81f2-8226837f98c7,Anthony Payne,reyesamanda@example.net,+1-834-979-8098x275,"13905 Mullins Well Suite 685
Marybury, TN 09817",2022-02-20
76a01aed-e569-4b8c-be14-380ff7976328,Linda West,ianayala@example.org,552-931-4201x6971,"862 Martinez Courts Suite 577
Lake Diane, GA 10513",2023-10-11
3026f70f-b497-44f4-8bf2-a246b10cd60d,Patricia Christian,tammieaustin@example.org,(609)504-2203x874,"802 Stone Bypass
Goodmanport, MI 29884",2022-06-09
a5803d56-5389-459d-97d0-03bdf13cc2bf,Terry Everett,beanchristopher@example.org,001-797-834-8247x39406,"PSC 4006, Box 9394
APO AE 18214",2024-07-06
18d164ea-ad35-40df-9591-b3053cbd6760,Jamie Richardson,taylor78@example.org,925-870-4510,"809 Bradley Cliff Apt. 769
Joborough, ME 53748",2021-11-05
024b15ea-a73a-493b-aa56-4c4374008d80,Katelyn Mcdonald,wdaniels@example.net,895.662.3750,"340 Sergio Freeway Apt. 735
Port William, NE 34993",2023-08-26
33a8a8ae-acdb-4a77-973f-2569840d3b2b,Victoria Green,jay60@example.org,436-892-7769,"81806 Cameron Meadow
East Nicolemouth, GU 10008",2024-11-28
216cc308-c2fb-4d84-901d-2ae45d1732db,Joel Hooper,teresa38@example.com,001-871-491-6840x362,"0421 Tara Alley
Espinozaside, SD 56419",2023-04-16
e9310c5b-8edb-4d41-8822-d21f5b169509,Maureen Stevenson,lgarcia@example.org,508-676-9557x65994,"952 Hutchinson Centers
Williamsview, CO 59872",2022-03-22
c53473e4-8e43-4463-aec2-e51117922808,Trevor Swanson,courtney64@example.com,723-881-4154,"48390 Trevor Island Suite 028
Lake Elizabeth, SD 55042",2021-12-06
c1392ab2-9232-4c53-b2d0-7e7a0fb52701,Brittany Shields,ryan16@example.org,+1-390-974-6583x31110,"521 Christopher Shore
Williamland, MD 87917",2023-04-28
401ff8e2-e5a6-4ad6-b68a-969ac965a23f,Angel Greene,joseph31@example.net,5713725377,"61816 Michael Divide Suite 983
Kimport, AR 27499",2024-07-27
10c93a8c-26db-4272-bedc-eb36b1634995,Michael Rios,jlucas@example.net,(984)223-8141,"640 Brian Island Suite 196
West Pamela, TX 85368",2021-09-29
ca98716d-b1d7-49cb-a3e3-0589eda52db2,Cheryl Spencer,imoody@example.net,001-249-433-2647x346,"66325 Michael Heights Apt. 571
Davisberg, CT 61907",2021-04-28
6a158c60-fafd-475f-92e0-30b45953e38b,Tina Walsh,kristingarner@example.org,(335)604-8927,"937 Smith Prairie Suite 930
Garciastad, WI 04654",2021-12-27
beff90e3-64ad-46ee-aff4-b1e28b3d3235,Stephanie Edwards,ortizmark@example.org,(682)781-0523x0083,"222 Mark Skyway
West Tyler, WV 35159",2024-04-20
75946b33-7f63-4c30-8835-06b1b834260a,Roger Boyd,megan16@example.org,+1-736-277-3980x99353,"94616 Tate Spur Suite 703
Myersview, FM 77034",2022-01-05
d89b0ba8-2ef1-4180-bcf3-570222c7721f,Lindsey Hayes,wcannon@example.org,803.551.8974,"33850 Hensley Island Suite 809
Lake Josebury, NJ 27056",2022-12-01
a14fe629-9d26-4f5a-9eab-ac04bfab4760,Jonathan Villarreal,rodney14@example.com,4507090249,"1138 Heather Key Apt. 780
New Susan, NJ 42892",2022-12-15
4919bd09-fbbb-4c21-a107-94110c24f073,Timothy Nicholson,nicholassantiago@example.org,685-283-9465x3162,"03681 Barbara Rue
Elizabethchester, MH 49668",2024-01-25
f9886537-eb6a-424f-ac5e-b526ff9dca19,Joshua Sanders,afitzgerald@example.com,+1-591-999-9991x42479,"Unit 2346 Box 3114
DPO AP 81268",2022-12-14
89c124ac-9c31-456d-9899-b4a4e18ee05d,Edward Bernard,michaelbennett@example.org,001-679-811-4261x33819,"266 Hall Ports
Port Ronaldmouth, ME 40133",2022-12-02
671e88d0-0912-4a88-955b-d856ddb91630,Miss Nicole Walker MD,sthomas@example.org,+1-322-795-9753x71324,"9691 Peter Streets Suite 322
Port Josephberg, AZ 44911",2020-10-16
912dca0e-ec4b-4c15-8462-cbd5f65fa059,Bryan Chung,bowmansandra@example.com,997-780-4804,"62791 Frank Mountains Apt. 152
Palmerton, VI 62563",2021-08-30
1cc778c9-970c-4ea9-80f9-3aa1d5da1f98,David Schaefer,jeffrey29@example.com,001-541-347-4766x014,"3499 Taylor Extensions Suite 844
Jonathanfurt, WI 04221",2020-10-17
e8bef73e-68a6-4bab-a6b3-6fe92c7a712f,Lindsey Warren,qnunez@example.net,306-794-1687x75459,"204 Michael Lane
Scottburgh, IN 21270",2023-07-04
7da21838-eaac-4caf-bbe4-cb48c107590b,Michael Ward,kevin08@example.org,001-775-343-2118,"32869 Molina Plains
Jermaineberg, PW 87489",2020-09-02
3e988d2a-8ed6-49c4-a8b7-08d160c0fa16,Eric Parks,greg02@example.net,996-851-5336x379,"8683 Michael Roads Suite 134
West Clinton, UT 86842",2023-11-25
9830a80e-c7f2-4418-b1a5-ae8ca820d63d,Barbara Walsh,jaimealvarez@example.net,+1-827-786-5902x955,"46579 Zachary Throughway Apt. 131
Ochoabury, NY 55689",2025-01-20
a02199d7-e666-4bd4-b2ce-08b1cabce811,Carly Barker MD,travis27@example.org,347.235.7695x0001,"844 Riddle Extensions Suite 625
Russellburgh, NE 76219",2022-05-22
f9c8c178-8b8a-463a-89c9-99786478d8f3,Melissa Cooper,haileyduran@example.net,479-812-2301,"0002 Hill Mountains Apt. 852
Lake Angela, AK 23527",2020-06-30
78bd2c8c-37c4-467d-8b04-46c124b6ac8e,Stephanie Perry,pam35@example.org,001-377-944-8758x59234,"8473 Michele Springs Suite 134
East Anthonychester, IN 28490",2021-08-25
8161710a-aa81-4cc1-9d27-402981f3588f,Kristen Jackson,smithjessica@example.com,(642)294-3703,"09686 Tyler Rapids Apt. 727
East Dustin, IN 43651",2021-09-01
cd13d705-76e3-4408-a454-578e6b1e29ba,Rick Villanueva,ibrown@example.org,931.695.6378x847,"PSC 2535, Box 9987
APO AE 55265",2021-10-16
da912766-3b67-430e-8bc9-9ca3857bbba2,Brian Garcia,reedjohn@example.org,762.477.9522x815,"617 Lisa Isle
Ryanborough, ME 14054",2022-10-12
a528ff0b-6f8b-4e21-b223-da63974c625d,Vanessa Mcneil,zheath@example.com,+1-580-627-4430x8368,"95045 Thomas Mission
East Richard, DC 02521",2021-05-20
5322c4bb-22e0-46fe-9828-a062f0968679,Thomas James,tyler23@example.com,365.389.9814x5755,"02808 Rodriguez Dam Apt. 892
North Patrickborough, OR 70613",2025-05-12
2c75cfa9-ca58-40b9-93be-206d5475fefa,Lawrence Johnson,williammendoza@example.com,760-999-7369x789,"3768 Dillon Prairie Apt. 137
West Deborahton, GU 43835",2024-05-25
562eda71-6777-42e5-bb6d-03b775148f36,Melissa Reid,maciasandre@example.com,453-312-1145x2453,"06270 Rice Tunnel Suite 516
Lake Raymond, AZ 89654",2020-12-12
17b74d95-e4e2-44fb-bb75-f96f7b033b8f,Daniel Rocha,rroberts@example.org,873.963.2060,"54413 Darren Course
North Madeline, CO 09539",2024-10-30
1988cbee-f899-4c50-a258-a13ae6c65158,Austin Vasquez,lisa06@example.org,622.535.4179x5141,"76907 Randy Island
Matthewberg, OH 71908",2023-12-12
2a71d487-6280-4b67-bd10-895503dc4f3b,Destiny Harris,williambarnes@example.com,001-663-816-8241,"8564 Scott Square Apt. 821
North Keith, OH 33581",2020-12-10
cc0891a4-f35a-4f16-89f8-17ec5eb10698,Alicia Fox,sramsey@example.org,001-421-590-4442x496,"401 Anderson Union Suite 653
Sancheztown, PR 92659",2023-05-23
1d267db8-0bf5-4077-b00c-72562ed9ea49,Christopher Fry,lisabaker@example.com,479-307-3278,"USNV Smith
FPO AP 90893",2024-09-01
cf75aa26-d112-4c6b-b9c2-c138d4186ae3,Martha Young,brittney66@example.org,8314047025,"085 Pacheco Cape
Sandyfort, CT 74872",2022-04-20
ccd278fb-8f4c-4410-b5bd-dd4d89d8726c,Mario Wilson,ymiller@example.com,(424)456-3771x2681,"57452 Torres Point Suite 051
Port Williamville, DC 47897",2020-08-28
bc669589-b7a8-4694-8731-5f030b9e649a,Chris Walker,deborahmitchell@example.net,477.447.0353,"66643 Foley Glens Apt. 799
Estradafort, PW 53549",2023-07-07
29ebb6e4-ebaa-4da7-97ef-c82f5f365dd8,Crystal Martin,rhonda52@example.com,556-836-2038,"2120 Billy Turnpike Suite 761
Longton, WY 21075",2025-01-25
2c921745-54e7-48f6-bfbf-9260aec4f425,Rachel King,rhondabeasley@example.net,001-527-972-1354x6440,"8060 Tiffany Drives Apt. 583
New Vanessahaven, OH 06067",2022-08-16
47da3b13-6285-4fdb-bd55-43531b64418e,Maria Mayer,smithlinda@example.org,985.942.6881x21358,"7192 Timothy Dam
Lake Kendraview, SD 82493",2024-12-23
5bc6540a-8a3f-45ad-89b9-a9f4b7321582,Heather Cruz,mandy50@example.net,898-664-3177,"4356 Woods Glens Apt. 590
Wilkinsonfort, RI 59981",2022-11-14
d4e1ca5b-1b63-42cd-b4d0-786616a36e30,Rachel Pierce,haley09@example.org,819-422-0808x38008,"3310 Richards Island Suite 192
Sullivanborough, OR 95083",2024-04-08
c4078f13-8192-4e68-b787-330ccf9675e6,Alec Huerta,hallderek@example.net,897-798-8743,"653 Linda Mall
Moorechester, NH 48211",2020-08-21
a36aa96f-0a03-44ac-8bdf-5532ef9bed58,Dalton Allen,desireecampbell@example.net,+1-514-852-7607,"44778 Whitaker Villages Suite 358
Ingrambury, RI 04594",2021-09-10
786646eb-71e6-4e94-87ad-6c1d3a4bba64,Steven Dean,ericjenkins@example.net,724-402-8781,"898 Jose Locks Suite 648
Hodgefort, WI 65212",2022-02-28
e1289044-26f1-478e-a507-845f5223264e,Nicole Newman,sparksdawn@example.net,535.875.5381,"30531 Michael Route
Port Jenniferborough, UT 51956",2024-08-22
348f2dca-f4fd-4e91-9504-9b2fcb2a998d,James Cannon,mccarthybenjamin@example.net,242-374-9852,"8042 Jones Prairie
Lake Elizabeth, NH 55436",2023-05-23
08655ae0-97b2-4be1-8f2f-a29bb3b14d23,Joshua Bates,jessica12@example.net,+1-469-221-6890,"86987 Angela Station Apt. 002
Stephenview, IL 30746",2023-01-08
5124bfcc-700a-440a-b821-182cb6bd5b63,Christina Brooks,lopezandrew@example.org,501.854.2309x460,"535 Brooke Greens
Kathleenhaven, MD 87834",2023-12-12
89e5c232-a087-4fe6-a72a-c68de05080c7,Lawrence Ramos,morsekimberly@example.net,001-702-296-6961,"81255 Castaneda Street Apt. 054
Port Derek, GU 24815",2021-04-13
81022607-beb1-4d31-814b-de00a0766431,Cindy Larson,kwise@example.net,+1-724-767-4891x64678,"7125 Samantha Causeway Apt. 896
Cassandrafurt, IA 22005",2020-10-14
01d97024-3710-434d-8f2e-0151b6eef750,Mary Thomas,codykennedy@example.org,(723)782-9920x1989,"1465 Jermaine Shores Apt. 451
Wardburgh, OR 97710",2025-03-27
8fbba24b-416a-415b-968b-8669e083c618,Christina Hayes,christopher87@example.net,590-506-1348,"8750 Sara Row Apt. 404
West Robert, OH 64573",2022-07-24
732c14e6-cac8-4b4e-9695-c0a320f444a8,Laura Williams,michelle33@example.com,853.561.3946x251,"3716 David Street
Hallberg, IN 73534",2020-08-05
b01c1d21-4284-4e7a-9fe6-42d3fcd05232,Brittany Mann,upaul@example.com,865-251-9796,"51487 Walters Isle Apt. 142
Selenaton, FM 02865",2021-06-03
96297698-6088-42f7-8b75-4f890ce1677a,Sharon Stewart,brandon75@example.org,+1-481-787-6859x1218,"274 Christopher Flat Apt. 005
East Ericton, NY 85502",2024-06-12
f84da2bb-0d37-430b-94e7-b55e633d2ee8,Crystal Taylor,charles98@example.com,(964)506-9042x6703,"2086 Jones Mountain
North Johntown, CA 55711",2024-01-10
3986c294-e324-4bee-b7cb-ceb54c3ad910,Heather Calderon,johnmacdonald@example.net,447-714-8252,"5230 Price Trail
North Heatherland, ME 44616",2020-12-18
26b31f9d-ae8f-40d0-b2c5-d0e99698a40f,Kevin Perez,jessicamcdonald@example.com,001-211-749-7311,"7903 Krueger Ridges Apt. 399
Heatherburgh, VI 99309",2023-08-25
8d3c8193-1914-46ee-ab9a-48ca413ec187,Thomas Cox,ygarza@example.com,(344)477-0130x28916,"2857 Kyle Tunnel Suite 162
East Kevin, WA 64044",2021-01-15
92f7b4e9-07df-4c2a-ba2b-f86e059e7edb,Michael Garcia,wendyrowe@example.org,001-539-749-9601,"347 Robert Junction Suite 103
Ortegamouth, PR 93916",2021-12-22
8fb76e47-61f0-4eae-b642-e58f29dfde6c,Patrick Campbell,cyoder@example.net,001-945-670-7907x60975,"05281 Craig Trace
Russellhaven, KS 53958",2021-06-27
23ab1db8-e93e-47a4-b618-64c57563b82c,Ashlee Vega,ctate@example.net,001-511-447-8257x0746,"48253 Dustin Garden Suite 122
North Joshuaside, NC 27042",2023-12-01
b5dea07f-0e90-4e69-8f46-7a5097931244,Neil Powell,kathrynhuff@example.com,+1-909-422-5327x84149,"3360 Miller View
West Laurenborough, OR 77750",2024-10-01
bc081a21-0fc6-4eea-a59e-e68777dddef8,Tammy Morris,qreynolds@example.com,894-311-6858,"26395 Thomas Circles
East Emilyberg, DE 93302",2023-11-12
b15fc1bf-01b5-4f8d-8309-ca442887b8bc,James Martinez,robertjames@example.net,(332)757-3010x295,"953 Michael Underpass Suite 549
Jenniferhaven, IN 25159",2021-06-03
52db42b4-1367-4611-8ffb-90461377f2d4,Vickie Ramsey,charles05@example.org,418-794-2088,"335 Smith Mountains Apt. 680
Jenniferfurt, MN 48843",2024-11-19
157d22b7-d88c-47dd-9b7b-0709540bc698,Amy Garcia,herringbrian@example.org,410.741.6692,"1483 Rebecca Common Suite 840
North Adrienne, IN 82849",2021-10-31
b2d3de5b-b5d5-4932-920f-e7bf82b83378,Brittany Poole,ashleyhensley@example.net,860-963-6859,"PSC 8912, Box 2619
APO AE 21219",2023-08-09
40a5b2f9-04d6-4851-8d8c-99433e7f04ef,William Gonzalez,jmckinney@example.com,649-715-9276,"0415 Allison Canyon
Jamiebury, OK 89898",2025-02-22
d632c5e6-5588-4f97-99ef-d30a444ac88c,Garrett Farley,graydorothy@example.org,+1-214-640-2452x937,"158 Benson Course Suite 753
Singletonfort, GU 85282",2022-07-15
612eb1ff-a516-4751-bf13-e8b4988a763d,Erik Burnett,hmorris@example.com,429-202-5223,"040 James Oval Apt. 244
South David, KY 79427",2024-02-06
203598ff-d371-4322-b834-a10c6b0f9b7c,Sharon Peterson,gbrown@example.net,001-888-915-7453,"97632 Burke Rapids Apt. 184
West Jamiefort, AK 66298",2024-11-05
1c35b59e-5df6-43b0-887d-92480d68ecac,Tasha Byrd,fstewart@example.net,(343)718-3518x59901,"57388 Bruce Course
New Claire, NH 46052",2024-08-27
18431843-0a52-4ae0-9a65-168d84e1df14,Charles Garcia,colleen59@example.net,203-656-7970x308,"8177 Armstrong Summit
Sierramouth, IL 04256",2022-09-18
ba70a885-9846-4747-b4a4-20b4f674dcba,Jacqueline Gonzalez,ywilson@example.org,(257)612-6814x54349,"21971 Carter Plaza
North Allison, IL 99812",2021-03-14
1bb17989-0f76-46a6-afe9-12e4c01a4783,Jake Vincent,shawngarcia@example.com,001-412-817-2858x84719,"03819 Lisa Fork
Mathisfort, OK 84261",2025-05-31
433a234d-7354-479c-86f9-69a4e9b4a1c1,Roger Lara,michelle39@example.com,754-975-2741x334,"4464 David Terrace Apt. 006
North Christopherfurt, DC 21376",2021-03-06
aabeec08-c097-4ac6-a271-01e432dd5a92,Miranda Valencia,stewartlisa@example.org,661.473.7214,"92867 Wilson Spurs
Crossport, TN 52188",2023-05-07
c58550a6-d293-4cce-bfbe-87ce8ede332a,Martha Banks,weberjessica@example.com,+1-802-714-1131,"2026 Paul Meadow Apt. 064
Williamsbury, RI 71509",2021-12-12
160e873b-3343-4ade-bbeb-7c8cae9ac1c9,Kaitlyn Wang,plarsen@example.com,+1-687-754-6011x88986,"38013 Kaufman Throughway
New Shaunfort, TX 49660",2025-04-20
3cb30cd9-6636-493f-96d6-ccfafab5afa5,Jacqueline Evans,alison58@example.org,474-641-2218,"740 Robert Mountain
East Jeffrey, VA 84198",2024-07-31
70ed764d-45f0-4aae-bb31-af871bb94043,David Watson,timothyforbes@example.net,001-725-246-2884,"4607 Joseph Fall
New Amy, AL 76034",2024-05-15
04edd11e-d2cf-45a3-a1da-c5cd0b996ab2,Michael Dixon,conwaybrianna@example.com,953-243-7556,"515 Jane Fields Suite 269
East Carlosview, MS 48398",2023-05-03
1c5efb5f-d574-4a86-8098-0d428178f00c,Douglas Macias,robertgonzalez@example.net,(994)526-6478x8284,"26380 Doris Shore
Lake Jessicaland, IA 67518",2025-01-04
4cfec00b-6ff6-407b-8162-e7c330b8cea4,Joseph Bishop,brownelizabeth@example.com,842-849-6912x6991,"011 Burton Roads
Michelleport, WY 01523",2021-12-21
c0bc04fd-fcf1-4c09-9e4e-8fb44cf68a95,Robert Diaz,john56@example.org,001-424-867-5501x436,"392 Kristina Brook Suite 895
Nicolestad, NH 38188",2024-01-06
282d5e23-3bcf-40fb-aa32-5bb49e9fc7db,Gary Lee,christophersingh@example.org,789-663-1023x2403,"PSC 8389, Box 3695
APO AP 21135",2020-09-07
d15c4342-7b59-4b54-b455-8745e4ea8f7a,William Weeks,brian14@example.org,418.271.9545x3957,"10646 Donna Ramp
Lake Natalieshire, UT 62454",2025-03-08
fd6e576a-0f65-4d44-9411-360c7d7d2312,Christopher Hernandez,xpearson@example.org,001-578-753-6897x623,"3531 Shane Crossroad
Tiffanyview, ID 97015",2022-06-08
442d455c-1b4d-4f0d-aa98-7132407fd2d2,Joel Wolfe,fgriffith@example.org,+1-585-689-0695,"1432 Connie Pike
Port Francismouth, NJ 58682",2024-07-25
30056b78-72e5-4171-9cd4-992172093536,Mario Fisher,jackiemorgan@example.org,+1-545-342-2145x471,"0657 Belinda Dale
Cannonport, NJ 99011",2024-01-25
e2e67029-46b9-43bc-acac-0a60321f4793,Phillip Frank,qvaughn@example.net,+1-855-562-8226x530,"99943 Maureen Ports
Williamsview, NJ 82531",2023-08-23
8a750e08-8401-4c06-a8bf-51958123a2cd,Austin Montgomery,jmcdonald@example.net,+1-756-471-0465x1676,"3706 Odonnell Summit
Brandonville, VT 67548",2024-06-22
e8cbcacb-3fca-4c8b-b5e2-49d6cd79cd50,Jose Gill,cpitts@example.net,3264542017,"28952 Rice Roads
Apriltown, SC 84861",2022-10-28
46b178ff-4fee-427d-b811-d9bcb6518218,William Trevino,scruz@example.net,001-253-893-5176x15131,"958 Porter Stream
New Gary, PR 39157",2020-10-23
253e57dd-e3f2-4822-badd-2df653ffa115,Devin Morris,hallbenjamin@example.org,455-680-0925x3501,"8733 Morgan Street Suite 008
South Dana, IA 24912",2023-01-02
d22b42eb-a517-496a-8d24-f20e616d8b4d,Stephanie Leblanc,christopher35@example.net,375-660-4258x6337,"9464 Arnold Coves Suite 066
East Jenniferton, MT 39244",2024-09-18
3ddbefd8-1fc7-4d31-86fe-d8984742ff2b,Theresa Mccoy,jorge60@example.org,001-329-721-0582,"52022 Patrick Pines
New Luisshire, WA 92733",2021-07-20
f62294a9-2c89-49a1-adca-4ef15f8b9b98,Shawn Smith,wvelazquez@example.org,001-909-254-6434,"91864 Sanchez Inlet
Larrychester, VA 65610",2022-08-13
e3da01af-c7a0-4287-bcdd-c7de6a3ef839,Jennifer Ramirez,robert76@example.com,345-612-2444x32583,"577 Daniel Ramp Apt. 007
Ericafurt, MN 73677",2022-08-03
0a67ed83-4d48-42d9-abcb-8ec0295e3df7,Colleen Cooper,richmichael@example.org,+1-471-986-0795x832,"8302 Nicole Junction Suite 218
Gallegosville, ID 87352",2020-10-01
6391d6e2-162d-4773-a3d7-efc1c434bbaa,Marissa Campbell,xramos@example.net,375.436.1952x597,"5936 Davis Ford
East Gary, KS 55498",2024-03-11
e03f7143-fa74-4107-a15d-d635fd47b812,Christina Rodriguez,tiffanywagner@example.net,(374)977-3492x1337,"19319 Jaime Springs Suite 533
Coffeyshire, TX 18455",2022-09-14
cda7d938-7174-478f-b4f9-ca6a58e231a3,Alyssa Lopez,dominique72@example.org,660.343.4273,"134 Catherine Light Apt. 091
Port Michaelland, CO 86645",2025-01-07
e6b63678-9729-4bf6-ba76-3b16549c973f,Terrance Barrett,bhumphrey@example.net,3604620701,"673 Jackson Bridge
Williamfort, IA 26459",2021-01-01
8b92b5c7-2c95-4364-aa52-2f2c9efdbb9c,Calvin Bender,ydavidson@example.com,608.718.1216,"25406 Amber Turnpike
Lisaport, OH 16219",2022-10-11
6fc1316d-bc06-4ae4-83a1-9f73f5d37c27,Karen Johnson,bduffy@example.com,+1-683-538-7538x8686,"832 Rodney Road
South Kathychester, MT 44295",2025-01-12
a8eb9e3b-6a6f-46b0-afb9-45c3e2d4a285,Vanessa Bowers,iwilson@example.org,(955)370-8295x03010,"70286 Colon Avenue
Robinhaven, ME 35390",2021-07-28
3b954f88-0061-437a-b7f0-55858fd80e62,Sara Taylor,loganwright@example.org,876-697-7919x277,"75273 Robles Ville Suite 045
Johnsonview, OK 39841",2020-07-30
702a4c12-2121-431d-994a-af0ddf46d699,Amy Thompson,foxandrew@example.org,(452)226-6197,"43648 David Vista Suite 192
Michaelview, NM 01599",2024-03-29
a8afefc8-ddfb-4321-81c2-c066866cebfb,Mary Martinez,jbrown@example.org,993.267.1780x327,"86573 Gamble Valley
Normanchester, KY 34621",2021-01-06
97ec922b-fd7c-4dc0-b71e-3ca3598a99cb,Sara Nichols,lewismichelle@example.org,3594524891,"1232 Denise Hollow Apt. 963
Lake David, DE 53072",2022-05-10
698c4d22-c178-47bb-83cd-e51238d80ef3,Nichole Fox,howardmaria@example.org,5753284606,"5214 Kayla Key Suite 808
Salasmouth, ID 96036",2023-11-19
88591ef9-d88e-42d5-a6af-1200a2ddbfd5,Meredith Moss,bobby93@example.com,264.635.8586x2109,"59339 Craig Land
Lake Theresa, UT 10727",2025-03-30
15106b39-1751-45fe-83eb-9e3363661612,Matthew Wiley,vargastiffany@example.org,001-530-656-1188x904,"281 Tommy Crescent Suite 097
Port Ianhaven, WY 24769",2025-01-27
a0198d02-8368-4ecd-b859-7fad6d7089fb,Crystal Madden,jennifernelson@example.net,+1-703-954-2860x3323,"2625 Armstrong Villages
Evansfurt, NH 72028",2021-02-17
b1984e23-0e0f-43c1-b7fb-9f4d6ae002a6,Steven Garcia,kristin20@example.org,+1-625-670-5622,"213 Brittany Club Apt. 157
Edwinborough, OH 20906",2021-09-16
4995ac16-bce0-4114-959b-e314b2f4a740,Katie Manning,dale12@example.org,(612)319-4097x1157,"75161 Luis Rapid Apt. 217
East Peter, ME 80881",2023-07-20
3c5a26f5-c79d-4df7-a726-5542ce58a090,Joy Gonzalez,qwhitehead@example.com,890-667-8751,"959 Oliver Glens Suite 198
East Angelica, TN 36534",2020-12-05
3c3a852b-8cb6-4ef0-8fb5-92218241d98c,Aaron Browning,ilopez@example.net,001-928-508-5262x42779,"144 Simmons Parks Suite 475
North Hannah, CO 88866",2022-09-08
4da9e6bd-167a-4235-a8c4-8360b3beda72,Samantha Le,marshtristan@example.net,732.339.9469x36918,"PSC 3342, Box 5605
APO AA 29321",2023-11-03
3ee0b475-5a07-46d4-add4-aa5db015e6fd,Brian Bass DVM,bassderrick@example.net,460.731.3210x158,"3324 Reynolds Point Apt. 841
New Kristieville, NY 21090",2025-06-07
1773c74d-6c79-480b-9fbf-6672b3d9b6e9,Sabrina Vasquez,roger99@example.net,001-737-324-3471x377,"60042 Porter Mount
New Brandy, GU 22028",2024-11-30
04c812e5-e8c2-4985-8679-3ed464d228c7,Leslie Shaw,ocurtis@example.net,001-944-562-4394x2635,"38563 Mary Burg
Lake Michael, ME 19000",2021-03-12
bb33b40b-527f-4d16-8d11-37ba12d1a364,Jason Wilson,jason66@example.com,(936)214-9460,"368 Carroll Ports Suite 568
Smithburgh, KY 84211",2023-01-07
4efbcdff-4ef3-439f-afd8-37edfe4be076,Charles Diaz,mark97@example.org,223-480-3087,"27020 Jones Meadows
Adamhaven, NJ 13225",2020-07-21
25950dcb-ee73-4ff0-bdcc-9d8550fe4699,Christine Thompson MD,shawkins@example.org,(349)855-8938x060,"9615 Nguyen Mountain Suite 986
Lake Jennifermouth, MS 95755",2021-08-23
c7c75513-d211-48e1-928d-3a11979606ca,Patricia Massey,santiagothomas@example.net,+1-591-447-5201x70416,"37971 Vanessa Street
Willisbury, SD 63017",2021-03-15
6b7c5761-c87d-400f-b24c-b366c6376eea,Jeffrey Abbott,nwilliams@example.org,+1-494-804-8910x5084,"167 Carter Cove Apt. 961
South Yolandaside, TN 36828",2024-09-30
c92425ea-7530-4567-b772-ed299dce3b7e,Michelle Hernandez,spineda@example.org,(524)285-7064,"6139 Jeffrey Canyon
South Kathleen, AR 98665",2020-09-10
ba30babc-ef24-460c-987c-58eaec177812,Matthew Cunningham,mjones@example.org,001-462-412-4817x5200,"410 Jacqueline Track Suite 423
Bethburgh, AR 38313",2020-11-21
2ba6aacc-3e09-4346-9084-22f3a3d762af,Christopher Novak PhD,lconley@example.org,542.872.7731x02204,"994 Brian Trail
Taylormouth, ID 26776",2021-07-28
09337924-b70a-4b91-847a-831aa5d03c57,Alexis Flores,brandonconrad@example.com,(301)948-8835,"96613 Thompson Fords
New Adamville, TX 49123",2023-06-14
56c8987a-d450-42d1-bf42-4275965d8409,Diana Pineda,thompsonsusan@example.net,4863643655,"10494 Jeffrey Causeway Suite 078
East Zacharyport, WI 42523",2024-01-30
d57b3635-d362-4073-bf8d-230ac5878af7,Larry Washington,cynthiawilliams@example.net,+1-886-588-0004x92607,"08426 James Forks Apt. 528
Port Erica, HI 35430",2023-12-25
ec3184f7-3ebf-46ff-bf07-dee8fbaf9ec3,Kenneth Chen,joymejia@example.org,4829964132,"5222 Ramirez Drive
Lake Kurthaven, AL 59270",2022-01-12
6a9dde84-0392-4b70-9728-34c94c125130,Jennifer Huerta,russellrobert@example.com,(877)219-8424x325,"458 Brandon Knoll
Paulatown, GU 90789",2021-07-01
f10b28a6-eec8-4ff5-97c7-a69199157326,Brian Jones,gardnerbobby@example.net,(963)392-8987x8330,"4126 King Meadows
Brendabury, VA 52103",2024-07-18
0bca9222-aaad-4e6f-ae72-e80d8e7fdd9b,Brittany Davis DDS,michaelbenjamin@example.com,504.829.1979x31340,"USS Griffin
FPO AP 53979",2020-10-03
e545a377-5252-4bd3-b8d9-6926a8cdd4d2,Alejandra Ortiz,beanjustin@example.net,001-761-563-6225,"872 Powell Center Suite 818
East Pamelabury, KY 75499",2024-05-16
446dec80-49b0-4986-8ec5-d685dfce5b83,Kristin Pace,garymartinez@example.net,781.850.7505,"PSC 5228, Box 2617
APO AA 85938",2024-10-20
a1c951d2-3a4e-49a5-9a9e-02c07a2d6052,Justin Calderon,lisalewis@example.org,(470)897-8919x692,"97050 Ramsey Bypass
Christinaburgh, LA 27112",2021-06-06
bd9fede1-08bf-492c-8f16-a5728ed53f21,Danielle Swanson MD,eroberts@example.com,+1-971-252-7631x058,"6476 Fernandez Points
Rhondaside, NV 84033",2022-09-27
5917605e-f06b-4f6a-a878-320f63e76dd3,Daniel Lawson,nharvey@example.org,555.651.6798x67144,"2841 Jessica Plain
New John, MO 08525",2024-06-28
ad863652-8bca-4f04-a5c0-202be7001090,Joseph Haynes,qlee@example.org,001-701-399-7771,"6858 Leon Grove
Juliebury, MS 02815",2023-05-23
ce00831e-8321-4192-a4a6-897e426ca762,Nicole Ross,matthewharris@example.org,001-994-777-2942x77690,"3117 Dudley River Apt. 146
North Christopher, MT 49169",2022-06-03
d3e05ca3-9ac7-491a-bb96-d8c5ffde951d,Julie Evans,caitlin16@example.net,+1-986-610-7819,"442 Bowen Plains
Lake Heather, NJ 68002",2023-02-21
24dd2cb6-95eb-4438-8696-650ec924bfa9,Rachel Shaw,nhebert@example.org,541-378-5647x65301,"0972 Alicia Mountain Suite 788
Hernandezhaven, MS 58432",2022-01-15
7412acb5-1173-4da4-a003-b60ef68f92cb,Willie Gross,oolson@example.org,001-415-591-8928x93623,"3237 Diana Isle
West Jay, MI 00889",2021-04-03
772cab1a-6a0e-4568-b8f8-c02a503d422d,Billy Davis,williamsjames@example.net,+1-983-998-3477,"24272 Knight Street
Hansentown, TN 62164",2020-10-12
e39ff882-e117-4873-b459-165c0493733f,Mark Colon,srush@example.net,(210)334-1945x566,"792 Meadows Fort
Dickersonhaven, NH 61736",2024-01-05
771fff70-1390-4b1b-947c-a84cf43e8f83,Lauren Patrick,nortonkatherine@example.org,+1-630-713-3003x16516,"17537 Gonzalez Lakes
South Douglasfurt, NH 39464",2025-06-09
b386fe02-8e10-40a7-a83b-bc30fec084e4,Matthew Jacobson,cathy04@example.org,483.471.6999x556,"688 Harris Circles
West Sarah, TN 46422",2023-01-28
cc68da63-318e-4720-b036-f419fad85d43,Jesse Wood,jacksonfrank@example.net,+1-943-674-9443,"843 Douglas Rapids
North Tanya, CO 13359",2021-10-26
6edaa636-8aef-480d-8974-0d67c89b6b18,Christopher Walker,sanchezlauren@example.org,(918)763-7165x626,"Unit 3919 Box 4902
DPO AA 24581",2025-03-09
6c7788ba-e1f1-4624-b681-d85b9afdc76d,Katelyn Clark,antoniohoffman@example.net,001-391-292-6128,"18820 Page Vista
New Carrie, SD 08965",2024-03-02
02c08286-51f4-4c0d-b82e-15d24bb78ada,Vanessa Lawson,sbean@example.org,710.488.2912,"Unit 6251 Box 0488
DPO AA 58230",2021-08-28
15302184-d31c-4edb-92a9-118195feb876,Katie Williams,cherylwilson@example.org,001-740-798-7632,"50911 Sherry Rapid Apt. 790
Brianville, GU 72341",2025-02-14
f704c7cb-3788-42b4-9a63-d84ee3e3a5c5,Karen Lawson,birdalexander@example.org,001-550-314-4573x622,"4150 Alicia Turnpike
Lucasborough, DE 62320",2022-01-21
9f9771a8-fb49-4463-a4db-32eef851a4d9,James King,inelson@example.net,597-449-7782,"8481 Jennifer Center
New Christopher, GU 86994",2024-03-01
17b4f091-ce84-4eb1-945a-b659e1d8f09e,Kimberly Gutierrez,dustinjohnson@example.com,814.218.8679,"69500 Brittany Estate
South James, HI 84202",2022-12-22
6fe6a7ae-a2e0-4135-9da7-3fc4403926f8,Brenda Gomez,fphillips@example.com,332-523-6915x63776,"5201 Lori Route
Corytown, WV 25685",2023-02-23
ca0cde9e-ccbb-46ab-81e7-d9d8d707efb2,Jonathan Hanson,efoster@example.com,001-573-440-5651x4102,"898 Montes Trafficway Apt. 710
Gabrielchester, NM 05980",2022-01-06
372c2202-3f7f-4e95-8e2b-60c32be197d4,Christopher Olson,beckermichael@example.net,(855)241-0538x65765,"7957 Courtney Brook Suite 277
Stephanieland, MH 25771",2025-04-22
70a117c8-3392-4ea6-ade6-66543c2f93ff,Kimberly Brooks,kellychad@example.com,001-606-434-0948,"PSC 2826, Box 1542
APO AP 58682",2020-07-21
f61b17c1-3660-47bb-822c-9d1947571f17,Jason Garza,leeandrew@example.org,001-483-759-6910x8753,"4985 Anderson Avenue Suite 254
Port Angelaville, CA 90921",2020-07-19
ddde6800-dd75-4204-8e6a-c191d820a368,Christie Landry,jrocha@example.com,206.927.3859,"38642 Ryan Roads Suite 472
North Nathanport, OR 84519",2024-02-04
0ae712f4-2f24-4d6f-884b-094b21f2069f,Veronica Wilson,jennifer84@example.net,(720)681-6021x996,"9472 Leblanc Ports
East Sarahmouth, MI 57460",2020-12-01
eb3ba42f-aedb-4895-8d28-23f4803f92b4,Brandon Rose,morrisontyler@example.com,001-898-877-2389x725,"113 Reid Springs
Brianstad, NE 52677",2022-05-06
3de1248d-9900-42b9-bdec-8824c7e34ece,Jeffrey Hall,bweeks@example.com,001-708-567-1285x55441,"33369 Dunn Light Suite 277
Lindsaymouth, TN 84711",2025-04-05
30ecda16-d6af-478f-ac62-14dc9e707ad1,Lauren Thompson,bradychelsea@example.com,314.789.9344x4354,"616 Jared Circles Suite 287
East Oscarside, LA 44140",2022-11-01
6cc2bc95-5c9a-4ee2-a026-48349e57c58e,Laurie Rosario,melissa31@example.org,+1-593-605-3686,"675 Jerry Ranch
West Rickytown, MP 65660",2021-08-27
d0386329-62b7-48e7-8854-b8ec21719299,Carolyn Stark,james33@example.com,+1-561-459-8612x93744,"074 Love Greens Apt. 399
Andrewsside, NH 83798",2023-04-22
dfa53829-464c-48dc-9012-75060e0ea798,Anthony Rogers,tyrone96@example.com,740-819-8423x26827,"8632 Anderson Extensions Suite 806
West Sabrinaland, CA 80520",2021-02-04
b47ee9b0-b5c9-46bd-8c6e-da8c8df5d7ee,Elizabeth York,williamsjessica@example.net,574.977.6527x838,"USNV Hawkins
FPO AA 46611",2022-11-17
879131b9-7040-4cc3-96ac-04eb74b86bc2,Dana Castaneda MD,briggsabigail@example.org,(440)619-3189,"Unit 9512 Box 6893
DPO AE 64062",2024-10-01
8b0b4443-af34-4169-bbd1-1d3887513f72,Darlene Booker,james74@example.org,626.608.1078,"261 Jessica Village
Port Wesley, TN 67055",2020-10-07
9af81aa6-b6cf-4229-890b-7254bd21fbea,Jessica Baker,reedcorey@example.net,+1-883-334-6151,"333 Jennifer Shore Suite 372
Cantuburgh, NV 94534",2024-10-20
40eb5b63-a8f9-4860-936c-e3ee44aff857,Lawrence Marks,wmedina@example.org,254-705-0874,"PSC 4261, Box 4093
APO AA 86675",2020-12-07
8967b6cd-cb89-4167-b582-771190065eea,Calvin Mccall,charlene46@example.org,001-268-637-2919x978,"7849 Evans Dam Apt. 697
North Kristinamouth, NY 33577",2020-09-28
d6fe617a-97a0-4b86-b486-19ff65ec5130,Robert Griffith,elijahcooper@example.net,(994)616-1966,"Unit 3223 Box 1526
DPO AE 02232",2023-08-17
9241b2ab-c924-4703-8990-f138d6e6b69e,Shannon Horton,lisa02@example.com,001-479-378-4580,"76292 Martin Fork
Lake Mary, HI 83900",2023-05-20
9256887d-d094-4d88-bba8-d51b54b08bb7,Suzanne Johnson,amberhaney@example.com,001-908-249-1835x5887,"0833 Barbara Loaf
Danaberg, TX 38156",2022-07-25
ff18bbcb-87f1-4674-9438-48a83af24e1e,John Torres,deborah81@example.com,5654075204,"554 Martin Shoal
Port Andrea, GU 46336",2020-08-06
28961cda-3f7a-4271-8299-97424f30871f,Erik Conley,kwarner@example.org,540-619-4867x2647,"USNV Davis
FPO AE 26119",2023-11-21
1363b412-5b34-47c5-b5a8-fa9091becd19,Lori Hines,harryblack@example.org,+1-917-749-7214,"86361 Jared Islands Suite 644
South Angelicafurt, AZ 65469",2020-11-07
c4a8e5ce-c609-4c5e-b4e6-24cb36cf831f,Kayla Davis,laurie43@example.com,918.369.0670,"00900 Yvonne Trafficway Suite 783
Dustinton, NJ 17032",2021-10-02
8b4dce38-ba81-4f4a-ba57-30146bd2c606,Angela Estrada,hgonzales@example.net,001-482-652-2374,"435 Amber Expressway Apt. 974
South Jamesview, GU 63998",2024-05-06
b2606646-9080-42d0-b381-3d562a306a9a,Sarah Smith,brian61@example.net,(227)379-7822x654,"6630 Heather Forges
New Saraborough, MI 91832",2025-02-04
e44a5dcb-65b7-4339-80fe-69f1e073be8b,Jacqueline Howe,tnavarro@example.org,+1-683-291-6241x8768,"578 Ryan Meadows Suite 475
Morganmouth, OH 24969",2020-10-23
00c55f0e-915b-4378-932f-5594f4d0ea7e,Maria Noble,chad84@example.net,001-574-476-8614x9315,"84978 Williams Square Suite 921
Lake Susan, PA 64084",2021-03-02
06517e84-ee50-4d3c-b79d-4d88704c62be,Benjamin Williams,amywhitehead@example.org,577.938.6489x8675,"1658 Michael Hills Suite 898
North Scotttown, SD 13620",2023-02-24
3804a5d6-1446-4175-98f9-1a208d4c5ce4,Cristian Hunt,michaelkrause@example.com,(601)467-8399,"641 Marcus Heights Suite 627
Melissatown, OK 86117",2021-12-14
59bb7a9c-72f1-426d-87a5-ee688a9e3a5f,Joshua Mills,uwashington@example.net,278.939.7260,"10558 Ewing Port
New Laura, AL 31028",2021-04-07
50bafdce-ae9c-4489-af72-7b5039795cb0,Aaron Jones,poolecourtney@example.com,5754627016,"125 Smith Causeway Suite 451
Port Marcfort, OK 84099",2022-03-23
a99e409e-8230-480f-941d-189205e87c81,Shane Williams,bradleyrodney@example.org,(610)516-7141x23194,"98266 Gonzalez Branch
Bellchester, DE 84625",2022-10-15
169eb4e7-841c-41fa-955b-4d82cd0476e2,Denise Herrera DVM,scott87@example.org,247.524.2512x86214,"993 Megan Rapid
West Bobview, KY 74866",2021-08-14
eab6cb24-96ba-4084-939a-ac39b31c13ce,Michael Rodriguez,georgefarmer@example.net,495-340-7277,"2138 Nicholas Turnpike Suite 469
New Sean, ND 95636",2022-01-02
7f100849-9483-4c8a-a7d9-c9a80f15f51a,Emily Meyer,zimmermanjoshua@example.net,(930)390-6986x26111,"82829 Kristopher Mall
Port Brittney, KS 57027",2023-04-26
71718c7e-a30f-4758-bf24-8d7d063aac6c,Nicole Brown,ecox@example.org,775-405-9938,"1911 Green Road
Colonstad, CT 29602",2022-03-31
8e658af7-85d1-4ba0-80f9-771975f1bf8b,Donna Murphy,newtonkathleen@example.com,723-370-2154x337,"44971 Larson Village
Lake Jennifer, IA 72208",2021-05-02
9f55ef2f-0c71-46d3-93b5-042181ad050f,James Elliott,nicholasbarr@example.net,4279929795,"401 Jonathan Dam Suite 238
Lake Johnville, MD 39253",2023-04-19
bfda5029-cb9c-4901-ad59-496d24c51659,Howard Saunders,sarahhuang@example.net,942-321-5411,"9338 Brown Island
Mccallfurt, PA 04294",2024-04-08
1c716618-8a91-4ab6-87c6-cf4c172d112b,Tony Wagner,pricemichael@example.com,001-961-341-5102x325,"86629 Bender Pass Suite 390
Oliviafort, PW 06399",2020-08-13
de43097c-a7f2-42c0-bacd-bc66e6ad1879,Gregory Hoffman,ericaphillips@example.com,(810)542-0939x437,"32044 Tara Plaza Suite 925
Wandaside, NC 36582",2021-09-22
8e0e359a-8736-4136-bc74-2782cacc2f95,Cory Johnson,gsmith@example.com,519-832-2515,"9599 Johnson Mission Suite 377
South Juliehaven, ME 70792",2025-04-20
4683aef8-35e6-470b-9467-c1cdd1e836bf,Kristy Scott,omichael@example.org,+1-571-415-9442x82479,"8400 Kelly Spring Apt. 503
South Jeffreyborough, ME 39500",2022-01-14
581644af-7bd1-487c-ba52-f06cd7b16634,Melissa Lopez,cwalker@example.com,703.505.2623x50508,"06334 Barnes Expressway
Rodriguezchester, HI 35777",2023-12-27
34fddf51-f227-449b-8052-5c8927887d4f,Michelle Bernard,perezjohn@example.net,606-703-3491x91862,"4606 Jason Extension
North Erik, HI 18923",2022-04-23
4f6e6dbd-e90f-4fac-aef4-9bdad22502ff,Kevin Butler,morgandavid@example.com,+1-307-270-0309x3059,"241 Campbell Track
Nicholasbury, MD 40484",2022-05-07
f2e6f8c7-3db7-4cd7-a8b6-038564362e3f,Matthew Lawrence,joseph28@example.net,001-862-531-7929x403,"6788 Jeremy Grove
East Lawrence, RI 04253",2024-02-24
04da2084-1ce0-4301-a288-131d315a5ac2,Leah Hayes,bhughes@example.org,001-319-538-9507x697,"55069 James Springs Apt. 648
New Amy, KY 48496",2023-07-17
d92af9b7-8c05-4458-bdba-77ca2f7ff368,Melissa Melendez,adamskevin@example.org,593.856.0986x7156,"393 Edward Islands Apt. 247
North Ralphport, NE 72275",2024-10-28
c581d094-268d-474f-bf8b-ef054200a8ae,Lisa Hancock,hwaters@example.com,388-666-0922,"6635 Chase Plain Suite 374
South Angelaberg, GA 02407",2021-05-16
639f5003-bef8-452f-b75f-f72e664a2f3d,Brian Kim,martinezdanielle@example.org,+1-513-329-7118,"9783 Cameron Islands
Kennethfort, NC 39239",2022-05-07
d07a9942-460a-4f7b-8bba-6ad3433fcdcf,Brandi Duran,deannaduarte@example.net,(290)861-4354,"74596 Brown Parkways
East Carlyhaven, SC 11408",2021-05-19
57f19b8f-fb91-4b3b-930c-7360ff236f40,Hector Castillo,ygibson@example.org,001-290-602-5026x1592,"279 Watkins Rest
New Scottton, TN 07592",2022-06-09
35941aac-fdf6-4db4-bcf7-9d7097595c7d,Megan Lee,juan32@example.org,896.509.2514x235,"30579 Tracy Freeway Apt. 044
Mcfarlandmouth, MN 44897",2021-02-23
d3ced932-f039-4834-8a77-4f806442b3b2,Cassandra Zhang,dunnstanley@example.net,940-422-1998x335,"USNS Anderson
FPO AA 37701",2020-08-02
15d7c85a-5482-4019-8e86-56f81a3a1e1e,Jeffery Spencer,phillip15@example.net,385-615-2980x17421,"919 Mary Passage
New Debbieburgh, GU 39690",2020-12-20
58c14b92-6ff5-4a56-b022-7a8aee540716,Joseph Smith,lee61@example.org,5659048670,"2083 Debra Canyon Apt. 978
Christymouth, MO 49809",2024-11-30
aad2fb8d-ef27-4b21-9df4-c5da3ce7562c,Jennifer Smith,bakerjerome@example.org,311.805.4923,"135 Lee Valleys
Savagefurt, ND 46700",2023-11-10
84ac41c1-7880-408e-b480-61698c3cd624,Joseph Vazquez,michaelkane@example.org,653-813-8744,"04591 Flores Forest Suite 336
Susanchester, WY 87083",2024-09-25
378020d4-e795-4697-a089-f0444c66a90b,Nicole Gonzales,yorkjohn@example.org,001-786-865-4681x59692,"675 Christopher Circles
Nancyport, MO 63065",2020-11-04
2f0c89e6-1483-46d2-a8a8-25deffc74399,Rodney Smith,ashley18@example.net,+1-932-312-7886x350,"Unit 9525 Box 4399
DPO AP 39492",2021-04-10
6e21d872-b18d-4771-a1b1-d617007920a9,Thomas Miller,zacharyarnold@example.net,001-299-244-2529,"77779 Jeremy Cliff Suite 493
Schultzburgh, OH 24987",2024-12-29
ad984c26-77f1-4106-9cd7-78871149345a,Yolanda Brown,cookdwayne@example.net,460-558-5955x506,"1751 Lee Lodge
Port Mary, DE 75185",2023-07-25
874f4392-511f-41a8-a1f6-6c1f87b50067,Mason Fitzgerald,floresholly@example.com,(326)203-0059x484,"70484 Paula Cliffs Apt. 942
Georgeberg, ND 31038",2025-01-15
ce3810b3-474d-4c2d-a068-d4ead3c683c4,Gavin Franco,brianbarber@example.com,246-306-3963,"96984 Lindsey Viaduct Suite 954
Mooreton, DE 36740",2020-07-09
