id,name,email,job,salary,department
0,Bradley Mack,christinesutton@example.net,Hydrogeologist,117071,Sales
1,Tonya Johnson,mwalker@example.net,Outdoor activities/education manager,117619,Marketing
2,Jessica Robles,estafford@example.com,Chartered certified accountant,115694,IT
3,Chris Maxwell,sharonwalker@example.net,"Doctor, general practice",56984,IT
4,Kathryn Cole,ejones@example.com,Furniture conservator/restorer,62959,IT
5,Patrick Smith,stephaniegonzalez@example.com,Video editor,71964,Marketing
6,Jason Campbell DDS,hansenbethany@example.com,General practice doctor,34402,HR
7,Jake Lin,hardingkristy@example.com,"Research officer, trade union",81133,Marketing
8,Kenneth Odonnell,samanthasanders@example.net,Medical sales representative,34463,Engineering
9,Michael Cox,davistonya@example.net,Theatre manager,57824,Marketing
10,Kevin Cooper,natalie59@example.net,"Conservation officer, nature",108597,IT
11,Brian Salinas,valerie93@example.org,"Designer, jewellery",62799,IT
12,Cynthia Wells,yhendricks@example.net,Proofreader,48758,HR
13,Patrick Hancock,sbean@example.com,Consulting civil engineer,56260,Marketing
14,Derek Parker,irwinedward@example.com,Sports administrator,40807,HR
15,Jorge Turner,wendybooth@example.net,Jewellery designer,87718,Engineering
16,Jennifer Ellis,rodriguezantonio@example.org,"Pharmacist, hospital",110742,IT
17,Paul Tyler,patriciamalone@example.org,"Surveyor, rural practice",72718,Sales
18,Matthew Williams,albert82@example.com,"Scientist, product/process development",33177,Engineering
19,Michael Reed,jonathanmiddleton@example.org,Building control surveyor,95220,HR
20,Mathew Warren,anthony17@example.org,"Education officer, environmental",101244,Sales
21,Trevor Weaver,ufarmer@example.org,Regulatory affairs officer,32139,Sales
22,Sandra Navarro,jennifermorgan@example.net,Lobbyist,30906,Engineering
23,Shannon Adams,stephen54@example.com,Amenity horticulturist,102520,Engineering
24,Toni King,hrichards@example.net,"Designer, textile",118538,HR
25,Tyrone Snyder,kaylacantrell@example.net,Environmental education officer,54439,Sales
26,Eric Brown,joyjones@example.org,Education administrator,93904,Engineering
27,Allison Casey,murphyamy@example.com,Management consultant,41432,IT
28,Angela Bennett,morsedonald@example.com,"Scientist, biomedical",46322,IT
29,Lance Long,taylorarthur@example.net,"Engineer, technical sales",96851,IT
30,Stacy Wilson,katrinarodriguez@example.net,Manufacturing systems engineer,108792,IT
31,Angela Browning,nicholskaren@example.com,Trading standards officer,114043,Sales
32,Jessica Whitaker,annabaker@example.org,Sports administrator,110995,Engineering
33,Bruce Mejia,jeffreyanderson@example.com,Associate Professor,76213,Sales
34,Chad Jacobs,christina14@example.com,Advice worker,35393,Marketing
35,Tyler Dixon,randyblevins@example.com,"Administrator, sports",92336,IT
36,Brandy Johnson,sheryl88@example.net,Aid worker,79434,HR
37,William Jacobs,stodd@example.org,Environmental education officer,36978,Engineering
38,Amy Kelly,kim00@example.net,Brewing technologist,32671,Sales
39,Daniel Bowers,padillamary@example.com,"Designer, exhibition/display",91517,Sales
40,Melvin Mccann,johnny26@example.net,Acupuncturist,96352,IT
41,Daniel Dean,marc34@example.net,Sports therapist,90486,Sales
42,Ryan Ramsey,dharris@example.com,"Lighting technician, broadcasting/film/video",80931,Sales
43,Heather Clay,catherine43@example.net,"Editor, magazine features",47344,Engineering
44,Andrea Williams,ismith@example.net,Drilling engineer,99908,Sales
45,Alex Cameron,sanforddavid@example.net,"Surveyor, commercial/residential",97376,IT
46,Ashley Dickerson,trobinson@example.net,"Production assistant, radio",112248,IT
47,Melanie Wong,melissasmith@example.net,Financial manager,30581,Sales
48,Robert Gomez,hoamanda@example.com,Radio broadcast assistant,96606,Engineering
49,Caitlin Lucas,jeremy85@example.com,Radio producer,61303,HR
50,Shane Stewart,james87@example.com,"Scientist, research (physical sciences)",66772,IT
51,Rebecca Romero,hollowaysara@example.net,"Education officer, environmental",84366,Marketing
52,Matthew Buchanan,twiggins@example.org,"Surveyor, planning and development",106435,Sales
53,Stephanie Willis,walter65@example.com,Tax adviser,80043,Engineering
54,Roger Lowery,amyhaynes@example.net,Clothing/textile technologist,119966,IT
55,Katie Burgess,terribaker@example.org,"Accountant, chartered public finance",65359,Marketing
56,Kelsey Webb,perrybradley@example.net,"Psychologist, clinical",50201,Marketing
57,Angela Ortiz,halenatalie@example.net,Energy engineer,105948,Engineering
58,Anthony Thompson,qwhitney@example.com,"Pharmacist, hospital",99697,Marketing
59,Matthew Arellano,amiller@example.com,Clinical biochemist,88928,IT
60,Amanda Rodriguez,jimenezglenn@example.org,"Chemist, analytical",67683,Marketing
61,William Smith,josephglenn@example.net,Lawyer,115356,HR
62,Brian Shields,crystal05@example.org,General practice doctor,32654,IT
63,Stephen Stevens,dbrown@example.org,"Engineer, civil (contracting)",106383,HR
64,Johnny Reed,michael17@example.com,Hotel manager,86532,Marketing
65,Thomas Williams,watkinsbrenda@example.org,"Programme researcher, broadcasting/film/video",77027,Sales
66,Paul Smith DVM,jacksontheresa@example.com,"Surveyor, planning and development",62566,HR
67,Benjamin White,cthompson@example.net,Writer,106299,Engineering
68,Annette Ortiz,arthur58@example.net,Animal technologist,33757,Sales
69,Tiffany Anderson,tturner@example.org,"Research officer, government",79471,IT
70,Charles Jenkins,lopezdavid@example.com,Customer service manager,86728,Sales
71,Karen Crawford,carmenallen@example.org,Multimedia specialist,57493,HR
72,Wesley Cantu,lisa80@example.com,Recruitment consultant,91837,Marketing
73,Joseph Webb,harrisontracy@example.net,Diagnostic radiographer,116452,HR
74,Michael Good,charlotte77@example.net,"Conservator, museum/gallery",44254,Sales
75,Matthew Ho,loganamanda@example.org,Podiatrist,119644,Sales
76,Michael Hunt MD,howardjeremy@example.net,Gaffer,67674,Engineering
77,Christina Doyle,qguzman@example.net,Medical physicist,104471,Sales
78,Dr. Michael Colon,cesar57@example.org,Magazine journalist,59287,IT
79,Leonard Moore,nrobles@example.net,Chartered management accountant,38124,Engineering
80,Erin Cunningham,michelle07@example.com,Farm manager,118439,HR
81,Kim Mendez,richardmarshall@example.org,Trade union research officer,64820,Marketing
82,Andrew Johnson,pmartin@example.com,"Engineer, building services",51982,Sales
83,Gregory Moore,bbooker@example.net,Comptroller,55247,IT
84,Mr. Samuel Castillo,vmcintosh@example.org,"Engineer, broadcasting (operations)",40806,HR
85,Allison David,christopher14@example.com,"Production assistant, radio",105341,Marketing
86,Scott Martin,courtney71@example.net,Arboriculturist,94466,HR
87,Megan Olsen,dannykoch@example.com,"Scientist, marine",48767,Engineering
88,Anne Black,bryantdylan@example.net,Oncologist,112348,IT
89,Pamela Mayo,lsmith@example.org,Music therapist,43645,HR
90,Shelly Kelly,maria07@example.net,Warehouse manager,112415,HR
91,Jordan Walsh,matthew53@example.com,"Production assistant, radio",77552,Marketing
92,Patrick Reed,fmiller@example.org,Tax adviser,53588,Engineering
93,Tabitha Abbott,codyjohnson@example.net,"Runner, broadcasting/film/video",110760,HR
94,Donna Winters,castanedamandy@example.com,"Research officer, political party",94582,Engineering
95,Danielle Pratt,garciaanna@example.net,Broadcast journalist,81041,IT
96,Monica King,gregorywagner@example.net,Fish farm manager,37664,Sales
97,Samantha Bruce,joneslee@example.net,Building control surveyor,68025,Engineering
98,Kimberly Rivera,wendy47@example.com,"Therapist, speech and language",82099,HR
99,William Dudley,imelendez@example.org,Music therapist,45263,IT
100,Cassandra Baker,millsdaniel@example.com,Mental health nurse,109976,Sales
101,Kevin Gaines,mckinneyjorge@example.net,Professor Emeritus,58026,Marketing
102,Tiffany Perry,qford@example.com,Fisheries officer,68471,IT
103,Audrey Powers,nicole17@example.net,Audiological scientist,119342,Sales
104,Sarah Obrien,sherricontreras@example.net,"Engineer, automotive",107211,Engineering
105,Virginia Johnston,rhondagarcia@example.net,Multimedia programmer,83217,Sales
106,Elizabeth Sutton,david57@example.net,Transport planner,87314,Sales
107,Fred Sanchez,davidbarber@example.com,Chartered legal executive (England and Wales),57596,Sales
108,Gina Reyes,wongjuan@example.com,"Scientist, forensic",81259,IT
109,Timothy Trevino,tlopez@example.com,Ophthalmologist,115397,Marketing
110,Carrie Ho,daniellekramer@example.com,Hospital doctor,78620,IT
111,Tara Orr,joshua00@example.org,Chartered accountant,74963,HR
112,Richard Mcbride,benjamin20@example.org,"Surveyor, planning and development",114040,Marketing
113,Kristen Burton,christina76@example.net,IT sales professional,45483,IT
114,Marcia Acosta,paynejessica@example.net,Technical brewer,117027,Sales
115,Luke Owens,yoderjames@example.net,Environmental health practitioner,79523,HR
116,Alyssa Daniels,hortonerin@example.org,Exhibition designer,104116,Engineering
117,Dana Reese,christopherbennett@example.org,"Teacher, early years/pre",67934,Engineering
118,Amber Stanley,marcus08@example.org,"Research officer, government",38292,HR
119,Craig Ward,luisnorris@example.net,Advertising copywriter,60963,Sales
120,Robert Lopez,tiffanyrose@example.net,"Designer, ceramics/pottery",41181,Marketing
121,David Lee,karen51@example.net,"Journalist, magazine",79574,IT
122,Dylan Patton,rthompson@example.org,Phytotherapist,66058,Engineering
123,Brenda Hawkins,umcgee@example.com,Press photographer,115472,Engineering
124,Kevin Lopez,byork@example.org,Community pharmacist,95004,Sales
125,Erica Freeman,lmoore@example.com,Environmental consultant,95699,Sales
126,Robert Wiley,wphillips@example.net,"Engineer, broadcasting (operations)",30115,Marketing
127,Connor Dawson,wfreeman@example.org,"Engineer, structural",110851,Marketing
128,David Miller,melaniehinton@example.com,Trade mark attorney,113122,Engineering
129,Elizabeth Bass,lvazquez@example.org,Meteorologist,37925,Marketing
130,Cassandra Arroyo,ktaylor@example.org,Learning disability nurse,71698,Sales
131,Erica Fuentes,brighttheresa@example.org,Physiological scientist,68523,IT
132,Megan Gonzalez,vincentchapman@example.com,"Production designer, theatre/television/film",32861,Sales
133,Ethan Singh,anthony51@example.org,"Sound technician, broadcasting/film/video",59280,Engineering
134,Jason Rogers,angela91@example.org,Environmental education officer,44948,Sales
135,Michael Meyer,snyderemily@example.net,Holiday representative,91277,Engineering
136,Antonio Taylor,margaretwyatt@example.org,Maintenance engineer,74567,Sales
137,William Valdez,suttonjeffery@example.org,Fish farm manager,111130,Engineering
138,Isaac Yang,hailey02@example.net,"Research officer, political party",63244,IT
139,Molly Taylor,banderson@example.com,Music therapist,88689,Engineering
140,Melissa Quinn,rogersalyssa@example.com,Operations geologist,46831,Engineering
141,Steven Jones,brookswilliam@example.net,"Research officer, government",36625,IT
142,Debra Gomez,msmith@example.org,Logistics and distribution manager,43852,IT
143,Rebecca Wilson,mnorris@example.com,Purchasing manager,80032,Marketing
144,Matthew Pham,amanda94@example.org,Television floor manager,99546,IT
145,Eileen Bautista,stantonanthony@example.net,Academic librarian,105202,IT
146,Jill Stewart,grossamanda@example.org,Field seismologist,91519,Engineering
147,Edward Sims,hernandezedward@example.org,Commercial/residential surveyor,57920,Sales
148,Carla Morris,henryjustin@example.com,Fast food restaurant manager,48791,Sales
149,Peggy Nelson,michelle23@example.com,Secondary school teacher,67074,HR
150,Nicholas West,erica46@example.net,Oceanographer,117227,Engineering
151,Arthur Medina,deborahthompson@example.net,"Therapist, drama",66162,Sales
152,Mary Parsons,jenniferbennett@example.com,"Conservator, museum/gallery",43992,HR
153,Jorge Little,john05@example.com,"Optician, dispensing",36779,Sales
154,Donald Hendrix,yriggs@example.com,Midwife,87289,IT
155,Nathan Williamson,anthony27@example.com,Facilities manager,82711,Sales
156,Kimberly Sullivan,xbryant@example.org,Advertising art director,96275,IT
157,Daniel Hess,nelsonmelissa@example.net,Psychotherapist,96522,Sales
158,Daniel Long,cynthia36@example.org,Freight forwarder,74814,HR
159,Jennifer Stokes,singhrandall@example.net,Network engineer,89375,IT
160,Jenny Mills,doylemichael@example.net,Music tutor,88105,IT
161,Diane Curtis,scottlarry@example.org,Immigration officer,69192,Sales
162,Debbie Wright,gonzalezsean@example.org,IT sales professional,40549,Engineering
163,Brian Ball,qwilson@example.net,Web designer,51216,HR
164,Rebekah Wright,sara49@example.net,Paediatric nurse,98625,Engineering
165,Amanda Smith,watsondavid@example.org,Research scientist (physical sciences),35546,Marketing
166,Suzanne Stewart,matthew81@example.com,Sports administrator,101995,IT
167,Paul Beard,fcastro@example.com,Advertising art director,101028,HR
168,Amanda Clarke,melissasullivan@example.com,Industrial buyer,103246,Engineering
169,Barry Castro Jr.,jacksonkristina@example.org,Armed forces logistics/support/administrative officer,119574,HR
170,Melanie Miller,browntiffany@example.com,Personal assistant,43215,Sales
171,Aaron Evans,carrie86@example.com,Dealer,54063,Marketing
172,Rebecca Haynes,kevinlawson@example.org,Youth worker,43092,Sales
173,Jeffrey Mitchell,williammooney@example.net,Computer games developer,45357,HR
174,Becky Williams,jillbrown@example.net,"Research officer, trade union",89237,Engineering
175,Erica Miranda,patriciaflores@example.net,Proofreader,88351,IT
176,Nancy Anderson,patriciaromero@example.net,"Editor, magazine features",34008,Marketing
177,Virginia Oliver,jenny04@example.net,Paediatric nurse,32899,HR
178,Vicki Gallegos,valenciakristine@example.com,Ceramics designer,100067,Engineering
179,Allison Davidson,sdaniels@example.net,"Editor, commissioning",102158,Marketing
180,Meghan Hoffman,alejandroschultz@example.net,Chiropodist,110843,Sales
181,Thomas Wall,fergusonmatthew@example.org,Sports development officer,52511,Engineering
182,Robert Pittman,rodney01@example.com,Media planner,117410,Engineering
183,Todd Wallace,wlivingston@example.com,Pensions consultant,55707,Engineering
184,Bonnie Green,nicholepatterson@example.com,Musician,45566,HR
185,Elizabeth Downs DDS,brianna54@example.com,Structural engineer,72269,Marketing
186,Frank Hendricks,annbaker@example.org,Building control surveyor,32015,Sales
187,Kevin Clark,wthomas@example.org,Building services engineer,101537,IT
188,Mark Jones,hillsean@example.org,Materials engineer,30739,IT
189,Amanda Bowen,awoods@example.com,"Civil engineer, contracting",119419,Engineering
190,Kevin Smith,gcunningham@example.org,Dietitian,67268,Marketing
191,Bryan Anderson,wallacelinda@example.org,"Scientist, marine",35021,HR
192,Janet Weeks,zhall@example.org,Physiotherapist,58402,Sales
193,Holly Wilson,bryanmurray@example.net,Barrister,46845,IT
194,Darrell Randall,oliverelizabeth@example.org,"Scientist, physiological",72666,Engineering
195,Dylan Martin,aarongill@example.com,Electronics engineer,57771,Engineering
196,Brittany White,kimberlysantana@example.org,"Horticulturist, amenity",54432,Sales
197,Stephanie Harris,aaronallen@example.com,Telecommunications researcher,33959,Sales
198,Stephanie Rodriguez,gonzalezcourtney@example.net,"Psychotherapist, child",76456,HR
199,Molly Parker,valerie99@example.com,Mental health nurse,37270,IT
200,Christine Ortega,williamcarter@example.com,Accommodation manager,81784,HR
201,Tyler Garcia,michael60@example.net,"Scientist, water quality",44200,Sales
202,Jill Miller,james34@example.com,Best boy,55886,Sales
203,Christopher Brown,wcastro@example.com,Educational psychologist,83868,HR
204,Laura Becker,melanie39@example.net,Arboriculturist,119153,Engineering
205,Justin Medina,graceschwartz@example.org,Bookseller,110035,Sales
206,Aaron Richards,henrybruce@example.net,Retail manager,32140,Engineering
207,Michael Erickson,skennedy@example.net,Firefighter,84255,HR
208,Stephen Rodriguez,xlarson@example.net,Medical technical officer,97555,Marketing
209,Sara Nunez,erica75@example.net,Tourism officer,83112,Marketing
210,April Gordon,cannonjon@example.net,"Designer, jewellery",104923,IT
211,Ariana Williams,bergerkaren@example.org,Civil Service administrator,48317,Sales
212,Kari Thomas,wmurray@example.com,"Surveyor, building control",108255,Engineering
213,Marcia Dodson,contrerastimothy@example.org,Adult nurse,116134,Sales
214,Richard Davis,hernandezjennifer@example.org,Stage manager,86395,HR
215,Mrs. Tina Gray MD,amyschneider@example.org,Teaching laboratory technician,54336,Sales
216,Raymond Davis,xmoore@example.net,Public house manager,67055,IT
217,Steven Wilson,mullenmicheal@example.net,Surgeon,51408,HR
218,Jennifer Mitchell,chelseyali@example.org,"Engineer, civil (contracting)",109632,IT
219,Suzanne Lawson,heatherscott@example.org,Academic librarian,75278,Engineering
220,Craig Avery,dhowell@example.com,"Sales professional, IT",72153,IT
221,Stacy Hopkins,rbrown@example.net,Homeopath,68212,Sales
222,Cynthia Miller,romeroaaron@example.org,"Engineer, production",79170,Marketing
223,Scott Schwartz,zholland@example.org,Pathologist,34128,HR
224,Hannah Roberts,loriwalton@example.net,"Scientist, forensic",45146,IT
225,Ashley Thompson,lamlarry@example.com,Agricultural consultant,43248,Marketing
226,Barbara Harris,brittneyphillips@example.org,Public relations officer,69951,HR
227,Anthony Perkins,apratt@example.com,International aid/development worker,51809,Engineering
228,Wanda Schmidt MD,andrewbates@example.net,"Copywriter, advertising",76632,Sales
229,Kathy Solis,jpatterson@example.org,"Scientist, product/process development",48348,Marketing
230,Jonathan Sullivan,amber76@example.net,Newspaper journalist,38660,Engineering
231,Sean Martinez,ricardo07@example.net,Chartered management accountant,88300,IT
232,Bonnie Miller,douglaslogan@example.net,"Chemist, analytical",38568,Engineering
233,Daniel Myers,carolyn96@example.net,"Geologist, engineering",63120,Marketing
234,Alexandra Collins,schmittgina@example.org,Tourist information centre manager,95237,IT
235,Jennifer Leach,veronicagallagher@example.org,Video editor,54376,Sales
236,Michael Berry,xcastaneda@example.org,Toxicologist,42886,Marketing
237,George Hill,herreraangel@example.net,"Buyer, retail",68101,Engineering
238,Sonia Garcia,awashington@example.org,Learning mentor,115898,Sales
239,Alan Hernandez,angela42@example.com,"Solicitor, Scotland",44105,Sales
240,Tracy Jacobson,karengutierrez@example.net,Health physicist,33628,Engineering
241,Christopher Simon,david92@example.org,Chartered accountant,42387,Engineering
242,Keith Watts,ianpacheco@example.org,"Engineer, land",35550,IT
243,David Johnson,yevans@example.net,"Conservation officer, nature",74647,Marketing
244,Richard Smith,moralesnancy@example.com,Mechanical engineer,112932,HR
245,Michelle Berg,lhughes@example.net,"Scientist, forensic",37122,Marketing
246,Patricia Hernandez,yolanda88@example.com,Town planner,35653,Marketing
247,Renee Morgan,erica41@example.com,Civil Service fast streamer,81868,HR
248,Stephen Smith,carla83@example.com,"Lecturer, higher education",117566,HR
249,Morgan Diaz,paula42@example.net,Control and instrumentation engineer,57951,IT
250,Mark Adams,douglaswilson@example.com,Translator,61968,HR
251,Brenda Smith,sharon57@example.com,"Research officer, trade union",107991,Sales
252,Nicholas Mccormick,maryleon@example.org,Best boy,41414,Sales
253,Christopher Johnson,tcampbell@example.com,Economist,89481,Marketing
254,Mary Washington,joseph99@example.com,Barrister,55200,IT
255,Douglas Davis,jonesjason@example.net,Secondary school teacher,111874,Sales
256,Jacqueline Garcia,cvalentine@example.com,Tree surgeon,100078,HR
257,Stephanie Lewis,jennifercarr@example.org,Broadcast engineer,79344,Marketing
258,Stephanie Buchanan,angelicalindsey@example.org,Arts administrator,45671,IT
259,Donna Lawson,moorediana@example.org,Maintenance engineer,45336,HR
260,Wayne Miller,denise08@example.com,Applications developer,47113,Marketing
261,Sonia Wright,lisahardy@example.com,Private music teacher,70916,IT
262,Thomas Velazquez,brooketorres@example.org,Database administrator,46889,Engineering
263,Michelle Harper,shannon33@example.com,"Editor, commissioning",93555,Marketing
264,John Parker,comptonadam@example.com,Nutritional therapist,108584,IT
265,Edward Garrett,eddiekennedy@example.org,Broadcast engineer,48178,IT
266,Chad Carpenter,lbryant@example.com,Consulting civil engineer,44619,Sales
267,Karen Ruiz,xbentley@example.net,Paediatric nurse,107274,HR
268,Ryan Smith,collinskeith@example.net,"Designer, furniture",64718,Engineering
269,Ronald Johnson,diaztimothy@example.org,Interpreter,116495,IT
270,Garrett James,melindaprice@example.org,Magazine journalist,101269,Sales
271,Michael Cross,pattersonbenjamin@example.org,Armed forces training and education officer,105875,Engineering
272,Christopher Larson,ucrosby@example.org,Sub,100202,HR
273,Donald Duncan,blakechandler@example.org,Meteorologist,53756,Marketing
274,Hannah Allen,wardaaron@example.net,Research scientist (medical),52291,HR
275,Joseph Smith DDS,jonesheather@example.com,"Teacher, primary school",115090,HR
276,Kevin Russell,michael80@example.org,Neurosurgeon,97726,Marketing
277,David Nichols,williamcook@example.com,Marine scientist,46133,Sales
278,James Ramos,ccarter@example.org,"Lecturer, higher education",45766,IT
279,Rebecca Kramer,mary16@example.net,Purchasing manager,64199,IT
280,Kenneth Turner,stacycarlson@example.com,Retail buyer,80736,IT
281,Shawn Hunt,jasonarellano@example.net,"Scientist, water quality",91524,Engineering
282,Dr. Ashley Brown,cassandrahorton@example.net,"Pharmacist, hospital",32310,HR
283,Cameron Robertson,brettboyer@example.net,"Doctor, hospital",117029,Sales
284,Wendy Hunt,kmclaughlin@example.net,"Engineer, aeronautical",102764,IT
285,Adam Vaughan,jonathonjones@example.net,Medical laboratory scientific officer,50974,Sales
286,Sarah Brooks,alexanderamber@example.net,Chiropractor,48990,HR
287,Joshua Nichols DDS,charles44@example.org,"Accountant, chartered management",44952,HR
288,James Lee,brandtjames@example.com,Animal nutritionist,95134,Marketing
289,Jamie Taylor,millermary@example.net,Science writer,45233,IT
290,Jasmine Stevens,npope@example.net,"Restaurant manager, fast food",94950,HR
291,Charles Duarte,shammond@example.org,Technical sales engineer,112691,Engineering
292,Christopher Gutierrez,erik51@example.net,Automotive engineer,36676,Engineering
293,Sean Taylor,john45@example.com,Ship broker,99377,Marketing
294,Victor Harris,michael13@example.org,"Administrator, local government",106443,Sales
295,Kathleen Buchanan,andrew98@example.org,Ecologist,107680,HR
296,Jimmy Carter,rebecca53@example.com,"Administrator, sports",65645,HR
297,Nicholas Hoffman,alyssaburke@example.net,"Designer, ceramics/pottery",67765,Marketing
298,Sandra Ramirez,duranjennifer@example.com,Insurance risk surveyor,79382,Sales
299,Justin White,crystal34@example.com,Chiropractor,91844,Engineering
300,Robert Chavez,kevinmorales@example.com,Surgeon,108831,IT
301,Heather Green,sblair@example.com,"Scientist, water quality",40118,Marketing
302,Benjamin Zamora MD,gary23@example.net,"Engineer, structural",85972,Marketing
303,Amy Young,jacqueline50@example.org,"Librarian, academic",72170,Sales
304,Andrew Gonzales,maxwelljared@example.net,Radio producer,59254,Marketing
305,Randall Davenport,kmarshall@example.net,"Engineer, automotive",48904,Sales
306,Theresa Davis,jeffrey68@example.net,Secondary school teacher,112962,Sales
307,Timothy Lee,dean82@example.org,Environmental education officer,108526,Engineering
308,Bethany Moore,jerry64@example.org,Games developer,111161,Engineering
309,Ryan Lucero,xperez@example.com,Chiropractor,60300,IT
310,Ricardo Williams,jonesnicole@example.net,Speech and language therapist,115776,Marketing
311,Gabriella Ortiz,umiranda@example.com,Accommodation manager,54001,HR
312,Jacob Cole,zgallegos@example.com,Education administrator,31299,Marketing
313,Chelsey Campbell,brewerstephen@example.net,"Designer, jewellery",119518,IT
314,Andrew Cook,ismith@example.com,Agricultural consultant,115620,Marketing
315,Angela Dalton,jclark@example.org,"Teacher, music",77042,Engineering
316,Theresa Clements,antonioingram@example.org,Publishing copy,98103,Marketing
317,Alexis Coleman,scott39@example.net,Interpreter,84753,HR
318,Tabitha Gregory,jacob49@example.org,Volunteer coordinator,76545,HR
319,Robert Rivera,caseypaul@example.org,"Engineer, drilling",92115,IT
320,Sharon Lucas,weaverrobert@example.com,Research scientist (life sciences),52346,Sales
321,Kevin Clark,enichols@example.net,Cytogeneticist,101183,Marketing
322,Barbara Shaw,ncortez@example.net,Chartered public finance accountant,36159,Marketing
323,Kathleen Larson,michaeledwards@example.org,"Engineer, biomedical",33086,Engineering
324,Katherine Long,rotheric@example.org,"Therapist, occupational",68346,Marketing
325,John Thomas,emily28@example.com,Multimedia programmer,52601,IT
326,Joseph Long,ojacobs@example.net,"Engineer, control and instrumentation",102439,Engineering
327,April Reynolds,ybyrd@example.com,Toxicologist,81043,HR
328,Sharon Riley MD,keith14@example.org,Primary school teacher,41675,Engineering
329,Marissa Johnson,melissa42@example.com,Charity officer,109593,Engineering
330,Susan Miller,andrea12@example.org,Tour manager,95766,Marketing
331,Madeline Payne,jaredwang@example.net,Sales promotion account executive,31934,IT
332,Lisa Garner,lisa69@example.net,Interior and spatial designer,56156,HR
333,Craig Moses,amandasanchez@example.org,"Education officer, museum",65855,IT
334,Melanie Mitchell,rdavis@example.com,Applications developer,105903,Engineering
335,James Johns,dhanson@example.org,Chief Operating Officer,39133,IT
336,Kathryn Hubbard,carsonkathleen@example.net,"Investment banker, corporate",78762,Sales
337,Heather Morrison,rcole@example.org,"Scientist, research (medical)",115271,Marketing
338,Tammy Jordan,jenniferatkins@example.net,Theatre director,36612,Engineering
339,Richard White,reginabrennan@example.net,TEFL teacher,53540,IT
340,Lucas Green,michaelrobinson@example.com,Mechanical engineer,61999,Sales
341,Eric Ferrell,rachel10@example.org,"Engineer, electronics",47920,Engineering
342,Brandi Dalton,santosemma@example.net,"Engineer, energy",64642,Sales
343,Nicholas Garrett,garciathomas@example.com,"Clinical scientist, histocompatibility and immunogenetics",93841,Marketing
344,Craig Howard,leah94@example.net,Chief Strategy Officer,117816,Engineering
345,Mr. David Martinez,tommycox@example.org,Purchasing manager,62202,Engineering
346,Amy Kim,andrew11@example.com,"Research officer, trade union",57889,Marketing
347,Breanna Farmer,mbennett@example.com,IT consultant,65967,Engineering
348,Heidi Graham,afitzpatrick@example.org,Ship broker,46255,Marketing
349,Charles Lucas,ctorres@example.net,Sub,64930,IT
350,Matthew Harris,ericascott@example.com,Systems developer,82870,IT
351,Anthony Arias,anelson@example.net,Nature conservation officer,33218,Sales
352,Tommy Lopez,colondavid@example.com,Tax inspector,110200,Marketing
353,Jeffrey Greene,deanna15@example.org,Retail merchandiser,72239,Marketing
354,Jamie Craig,kellyglass@example.net,Osteopath,113348,Engineering
355,James Hayes,antonio73@example.com,Chief of Staff,101606,IT
356,Matthew Watkins,yayala@example.net,"Surveyor, minerals",101227,Engineering
357,Karen Walker,kbell@example.com,"Engineer, petroleum",86631,IT
358,Laura Watson,fmiller@example.org,Agricultural engineer,87740,HR
359,Maria Bush,ronaldcherry@example.com,Archivist,72132,Marketing
360,Laura Potter,fmorgan@example.org,"Lecturer, further education",103969,Engineering
361,Kevin Lam,anthony38@example.com,Lawyer,59344,Sales
362,Kimberly Wallace,davidmorrison@example.org,"Surveyor, rural practice",34261,HR
363,Judy Harris,sotokara@example.org,Graphic designer,40376,Sales
364,Vanessa Shepard,ritamiller@example.org,Forest/woodland manager,33851,Engineering
365,Amanda Simpson,johnsonjames@example.net,Dispensing optician,88060,Engineering
366,Veronica Williams,edward63@example.org,Chief Technology Officer,94274,HR
367,Brandon Cox,benjaminramirez@example.org,"Engineer, manufacturing",75813,Engineering
368,Laura Hayes,connie26@example.net,Data processing manager,111604,IT
369,Ricky Johnson,michael85@example.com,Community arts worker,81416,Marketing
370,Justin Castillo,harrismichael@example.org,Education administrator,83217,HR
371,Angela Evans,debraduke@example.org,"Surveyor, rural practice",35628,IT
372,Robert Kennedy,odomjacob@example.net,Podiatrist,79604,Marketing
373,Christina Rosario,gsanchez@example.com,Naval architect,68477,HR
374,Brandi Watson,rachelwarren@example.com,Furniture designer,36016,Engineering
375,Alfred Evans,pscott@example.net,Advertising copywriter,88100,Engineering
376,Christopher Higgins,david06@example.com,Nature conservation officer,35707,HR
377,Tammy Sandoval,jmyers@example.org,Civil Service administrator,93257,HR
378,Peter Rios,katie64@example.com,"Designer, multimedia",40946,Marketing
379,David Wilcox,samuel91@example.net,Secretary/administrator,55265,Marketing
380,Jeremy Mccormick,fjohnson@example.com,Broadcast journalist,34716,HR
381,Ryan Woods,barnesrachel@example.org,"Civil engineer, contracting",91038,Engineering
382,Barry Freeman,lucas55@example.org,"Nurse, adult",36688,IT
383,Michael Schwartz,hendrixkevin@example.com,Actor,115045,HR
384,Stephen Evans,zthompson@example.net,IT trainer,71339,Engineering
385,Scott Thomas,olivia83@example.net,Electrical engineer,112141,IT
386,Kathleen Washington,kingeric@example.org,Jewellery designer,42392,Engineering
387,Megan Cole,stanleyhouse@example.org,"Clinical scientist, histocompatibility and immunogenetics",103170,HR
388,Joseph Dunlap,debrasanders@example.net,Multimedia specialist,101712,IT
389,Julian Young,mariah19@example.com,Music tutor,84073,HR
390,John Wilson,gmaxwell@example.net,Counselling psychologist,44966,Marketing
391,Michael Smith,xtaylor@example.com,Administrator,34733,Engineering
392,Kim Roberts,evan61@example.org,Medical technical officer,32660,Marketing
393,Jesse Robertson,tiffanybarber@example.com,Film/video editor,117039,Marketing
394,Amber Peters,andrew78@example.com,English as a second language teacher,109487,IT
395,Jerry Schroeder,tracy20@example.org,"Nurse, mental health",30060,HR
396,Jack Mills,danieltaylor@example.org,Information systems manager,31203,Engineering
397,Sarah Stephenson,frederickbailey@example.org,Furniture designer,97616,Marketing
398,Joshua Mcgee,jonathanparks@example.com,Product/process development scientist,48087,Sales
399,Brian Thomas,carmenbrooks@example.org,Chartered legal executive (England and Wales),43478,Marketing
400,Shelby Arnold,sharontaylor@example.com,"Conservator, furniture",50772,Sales
401,Megan Barnes,lindaboyd@example.org,IT sales professional,91049,HR
402,Steven Huang,kathy68@example.com,Furniture conservator/restorer,38318,HR
403,Eric Joyce,gregory01@example.org,Gaffer,58642,HR
404,Monica Mason,mark01@example.com,Copy,93088,Sales
405,Jesse Davis,maria63@example.net,Commercial art gallery manager,106503,Marketing
406,Nicholas Kent,lindanovak@example.net,"Lecturer, further education",59936,Sales
407,John Miller,williamsmarissa@example.org,IT sales professional,72254,Sales
408,Jose Sullivan,vwhite@example.net,Music tutor,96250,HR
409,Curtis Hamilton,scott25@example.com,"Surveyor, hydrographic",114098,IT
410,Candice Jones,baustin@example.com,Health physicist,85449,HR
411,Marcus Walker,thomashoffman@example.com,Air traffic controller,61302,HR
412,Mary Jones,kingarthur@example.net,Environmental health practitioner,72355,IT
413,Benjamin Mayer,leachandrea@example.org,Video editor,78591,HR
414,Tyler Bautista,smithmatthew@example.com,Museum/gallery conservator,46255,IT
415,Charles Mitchell,santiagonicholas@example.com,Dentist,112332,HR
416,Angelica Myers,garciasherri@example.net,Research scientist (life sciences),69534,Sales
417,Daniel Wagner,lsampson@example.org,"Education officer, community",70241,HR
418,Mr. Jerry Mendoza,nrodriguez@example.org,Furniture conservator/restorer,30073,Sales
419,Charles Sandoval,allen51@example.org,Civil Service fast streamer,62065,Sales
420,Mason Garcia,diazrichard@example.org,Maintenance engineer,75622,Marketing
421,Amanda Bradley,marie34@example.org,Lexicographer,76830,Sales
422,Stanley Sutton DDS,john03@example.org,Youth worker,31240,Sales
423,Cheryl Cunningham,deanobrien@example.org,Location manager,66614,Engineering
424,Benjamin Adkins,jessicawong@example.com,"Therapist, horticultural",88934,Marketing
425,Charles Smith,smorris@example.net,"Psychologist, prison and probation services",72834,Marketing
426,Kathy Fuentes,jstevens@example.net,Town planner,50276,Sales
427,Jessica Freeman,jaredhampton@example.com,"Designer, textile",108644,Engineering
428,Mrs. Lori Franklin DDS,wisemonica@example.com,Government social research officer,75562,Marketing
429,Sheri Hurst,hansonstephen@example.org,Audiological scientist,78319,Engineering
430,Sonya Wilson,williamsjessica@example.com,Ranger/warden,69718,Engineering
431,Joan Calhoun,fishertiffany@example.net,Games developer,101144,Marketing
432,Meghan Vang,daniel14@example.com,"Psychologist, clinical",106002,Marketing
433,Krista Mckay,tfranco@example.com,Regulatory affairs officer,33152,IT
434,Ronald Jenkins,yblack@example.com,Marketing executive,76381,Sales
435,Kristy Kelly,maryjohnson@example.net,Farm manager,31059,Marketing
436,Fernando Ellison,romerobilly@example.net,"Producer, radio",73609,HR
437,Timothy Mcdaniel,jasminemcguire@example.org,Magazine features editor,82720,Sales
438,Michelle Esparza,abaker@example.com,Immigration officer,112141,Sales
439,Anthony Moore,thompsonsteven@example.org,Psychotherapist,110455,Sales
440,Christopher Howard,holly02@example.com,Biomedical scientist,39599,Marketing
441,Hunter Erickson,sthompson@example.net,"Teacher, special educational needs",97174,IT
442,Jeffrey Craig,vford@example.com,"Investment banker, operational",49063,IT
443,Aaron Ramos,nicholas94@example.net,Insurance broker,75491,HR
444,Matthew Burch,lopezmelissa@example.org,"Runner, broadcasting/film/video",53499,Marketing
445,Renee Miller,stewartdaniel@example.com,"Engineer, building services",63748,Sales
446,Heather Bishop,troy67@example.org,Field trials officer,112828,Engineering
447,Linda Thornton,chapmanjoshua@example.org,"Editor, film/video",115684,HR
448,Richard Camacho,edwardscharles@example.org,Armed forces logistics/support/administrative officer,70415,Engineering
449,Dawn Jackson,ebonilla@example.org,Animal technologist,92234,Sales
450,Kevin Jackson,jonesvirginia@example.org,Fine artist,54674,Engineering
451,Jasmin Foster,austin39@example.com,Petroleum engineer,111804,HR
452,Timothy Davidson,tbarker@example.org,Electrical engineer,87699,Sales
453,James Hendrix,vhill@example.com,Special educational needs teacher,82625,HR
454,Alicia Clark,yvonnepearson@example.org,"Copywriter, advertising",43488,Engineering
455,Sheila Martin,matthew85@example.org,"Journalist, broadcasting",40572,HR
456,Morgan Collier,cgraves@example.com,"Psychologist, educational",76235,Engineering
457,Joyce Young,manuel77@example.org,Mechanical engineer,31833,Sales
458,Carrie Collins,cmcdaniel@example.org,"Engineer, chemical",96299,Marketing
459,Rebecca Johnson,mitchellamber@example.net,Amenity horticulturist,118416,Sales
460,Brandon Mills,sarahcastillo@example.com,Chartered certified accountant,46838,Sales
461,Bailey Saunders,joshuahanson@example.com,"Engineer, energy",68972,IT
462,Andrew Hernandez,gbeck@example.com,Toxicologist,36904,Marketing
463,Troy Francis,sancheztimothy@example.net,Theatre stage manager,51075,Sales
464,Christina White,davistaylor@example.com,"Doctor, general practice",76499,Engineering
465,Margaret Carroll,holmesjennifer@example.org,Aid worker,86665,Sales
466,Christopher Andersen,michaelvalenzuela@example.org,Adult guidance worker,113105,Marketing
467,Leah Wood,autumn13@example.com,Microbiologist,112089,HR
468,Michael Clark,richardmclaughlin@example.com,Industrial buyer,65636,Engineering
469,Terrence Harris,richardhill@example.org,Radio broadcast assistant,33394,Marketing
470,Joseph Acosta,perezdiana@example.com,Theme park manager,114753,HR
471,Patricia Lewis,jacobsingh@example.com,"Conservation officer, nature",78262,Sales
472,Timothy Ford,donaldkramer@example.org,Race relations officer,39853,Sales
473,Scott Cook,timothylove@example.org,"Development worker, international aid",57769,Marketing
474,Rebecca Shelton,burnskenneth@example.com,Electrical engineer,101475,HR
475,Roberto Harvey,gregoryrodriguez@example.net,Curator,93774,Engineering
476,Pam Guzman,sdavis@example.net,"Designer, ceramics/pottery",71459,Sales
477,Joseph Wilson,clementsmichael@example.com,General practice doctor,74385,IT
478,Robert Boyle,thompsondarlene@example.org,Secondary school teacher,110459,Marketing
479,Amanda Cruz,alexandria94@example.org,"Solicitor, Scotland",98482,Sales
480,Juan Rangel,jeremynguyen@example.com,"Designer, furniture",113237,HR
481,Brian Newman,danielle39@example.net,Stage manager,40305,HR
482,Frank Savage,katherine68@example.net,"Lighting technician, broadcasting/film/video",78281,Sales
483,Amanda Garza,imartinez@example.com,"Therapist, sports",63776,Marketing
484,Anthony Ayers,nathanturner@example.com,Careers information officer,109121,Marketing
485,Stephen Butler,mary12@example.net,Mental health nurse,118561,HR
486,Beth Brewer,whiteandrew@example.net,Legal secretary,39274,HR
487,Charlene Ford,taylormatthew@example.net,"Conservation officer, historic buildings",50654,Engineering
488,Karen Ortiz,kaitlyn81@example.com,Retail banker,66423,HR
489,Blake Williams,michaeljacqueline@example.net,Web designer,62032,IT
490,Melissa Booth,tylermartinez@example.com,Tour manager,32110,Sales
491,Elizabeth Cervantes,melaniestone@example.com,Armed forces logistics/support/administrative officer,92194,Sales
492,Marcus Richards,hbates@example.com,Energy engineer,73625,IT
493,Stephanie Riley,robert03@example.org,"Accountant, chartered",98227,Sales
494,Megan Simpson,johnjoseph@example.net,"Engineer, electrical",101787,IT
495,Daniel Rogers,solissavannah@example.org,Private music teacher,118180,HR
496,Stanley Phillips,lisa51@example.com,Health service manager,103857,HR
497,Marc Ellis,urobertson@example.net,Trade union research officer,37083,Engineering
498,Lisa Jackson,lamjessica@example.com,"Investment banker, operational",69715,Sales
499,Kelly Walker,ericjames@example.org,Publishing rights manager,105917,Engineering
500,Michael Murray,laura64@example.net,"Conservation officer, nature",72660,Marketing
501,Christopher Coleman,mia39@example.org,Office manager,102843,HR
502,Eric Bond,jameslopez@example.com,Textile designer,114831,Marketing
503,Patricia Galvan,pateljessica@example.net,"Engineer, automotive",75569,IT
504,Aaron Santos,hannahphillips@example.com,Music tutor,59852,HR
505,Jade Pacheco,ryanmccarthy@example.net,"Scientist, research (physical sciences)",92170,Engineering
506,Elizabeth Mendoza,robertsondeborah@example.org,Broadcast engineer,70544,HR
507,Michael Stephens,petergilmore@example.org,"Producer, radio",64156,HR
508,Scott Gonzalez PhD,cherylbuchanan@example.org,Jewellery designer,49896,Engineering
509,Charlene Alexander,jason91@example.com,"Librarian, public",34729,IT
510,Brianna Chan,kristieguzman@example.net,Communications engineer,81776,Marketing
511,Brett Harris,timothycarter@example.net,"Conservation officer, historic buildings",30164,Engineering
512,Wayne Russo,hallmatthew@example.com,Jewellery designer,32090,IT
513,Troy Castillo,nicolevaldez@example.com,Occupational psychologist,90024,IT
514,Christopher Johnson,vmathews@example.org,"Merchandiser, retail",62121,Engineering
515,Kelly Myers,evelynmorgan@example.com,"Psychotherapist, dance movement",43474,HR
516,Natalie Trevino,iriley@example.net,Barrister,84660,HR
517,Ebony Mann,clarkjeremy@example.net,Public relations account executive,44075,Marketing
518,Elizabeth Smith,dreyes@example.com,Dealer,102887,Sales
519,Christopher Johnson,jamespadilla@example.net,Research scientist (maths),46149,IT
520,Timothy Cardenas,grace34@example.com,Quantity surveyor,47283,IT
521,Larry Swanson,wmoore@example.com,Network engineer,48924,Sales
522,Austin Anthony,emilystevens@example.net,"Production assistant, television",49394,Marketing
523,Brittany Chang,youngjulia@example.com,Trading standards officer,69290,Marketing
524,Jennifer Anderson,zmccoy@example.com,Dispensing optician,82486,HR
525,Erin Bautista,pflores@example.com,Make,58289,HR
526,Jason Nguyen,lowejoyce@example.org,Psychotherapist,90326,Sales
527,Ronald Williams,heather02@example.com,Theatre director,63045,Engineering
528,Patrick Lamb,taylorangela@example.org,Neurosurgeon,54104,Sales
529,Connor Ferguson,marylewis@example.com,"Psychologist, educational",67583,IT
530,Christopher Trevino,mark43@example.com,"Teacher, special educational needs",61717,IT
531,Rebecca Wiley,mberry@example.org,Clinical biochemist,93630,Marketing
532,Jason Rodriguez,rollinskim@example.org,Product/process development scientist,57135,HR
533,Laura Flores,jhernandez@example.net,Bookseller,82027,Sales
534,Jose Thompson,kwilliams@example.org,Physiological scientist,61366,Sales
535,William Frey,lopezmelissa@example.org,Geochemist,79183,Engineering
536,Caleb Lee,claudia12@example.net,Aeronautical engineer,71222,IT
537,Mr. Arthur Davis,joseph85@example.net,Environmental manager,79382,Marketing
538,John Peterson,davidlutz@example.org,Food technologist,54147,Marketing
539,Donald Valdez,sandraclarke@example.com,Commercial art gallery manager,81495,Engineering
540,Kathy Chase,sdelacruz@example.com,Gaffer,92516,Sales
541,Rebecca Burke,melanieroberts@example.org,Glass blower/designer,67852,IT
542,Heather Murray,fieldsbethany@example.net,"Surveyor, building control",42300,Marketing
543,Christopher Allison,pattersonmary@example.com,"Nurse, mental health",64785,Marketing
544,Robert Harris,brandonjohnson@example.net,Air broker,87985,Sales
545,Barbara Reynolds,meganbennett@example.com,Social worker,36786,IT
546,Vickie Taylor,fieldssarah@example.org,Careers adviser,91416,Sales
547,Tim Glass,barrynguyen@example.com,Advertising art director,70695,Marketing
548,Matthew Savage,kboyd@example.net,Dance movement psychotherapist,105051,HR
549,Laura Mahoney,jill88@example.org,Environmental education officer,66904,HR
550,Cheryl Wood,charles55@example.org,Animator,78374,Marketing
551,Cody Miles,mcculloughhannah@example.com,"Surveyor, planning and development",80777,HR
552,Jacqueline Nelson,wfisher@example.net,Broadcast journalist,98263,Sales
553,Colleen Lucas,william62@example.org,Secondary school teacher,57854,Sales
554,Sean Peters,anne24@example.net,"Therapist, music",60765,HR
555,Benjamin Richardson,johnsonfrank@example.com,"Administrator, arts",115707,IT
556,Russell Poole,nicolevalencia@example.org,Biomedical scientist,102138,HR
557,Brian Luna,samuel81@example.net,Higher education lecturer,78284,IT
558,Veronica Stevenson,tara83@example.net,Radio broadcast assistant,77794,IT
559,Thomas Anderson,hendersoncody@example.com,Financial risk analyst,97572,Marketing
560,Clarence Taylor,smithkatherine@example.com,"Designer, exhibition/display",94854,Engineering
561,Nicholas Gonzalez,lindseyguzman@example.org,Amenity horticulturist,116239,Sales
562,Rebecca Brown,joshua85@example.org,Advertising account executive,35965,Marketing
563,John Esparza,michele92@example.org,Counselling psychologist,77791,HR
564,Brian Harris,ramirezbrandy@example.net,"Therapist, drama",67698,Engineering
565,Mrs. Jessica Harrell,vchen@example.com,Information officer,118352,Sales
566,Christopher Tanner,hernandezmichael@example.com,Chief Technology Officer,48456,Sales
567,Jennifer Fisher,stevenli@example.org,Charity officer,55018,Marketing
568,Richard Meyer,richardsonjulia@example.com,"Biochemist, clinical",58699,Sales
569,Colton Brown,mmcdaniel@example.org,Primary school teacher,74542,IT
570,Mason Page,lawrenceemily@example.net,Land/geomatics surveyor,95838,HR
571,Kristine Mays,ramirezdiana@example.com,"Scientist, audiological",35812,Sales
572,Paul Nicholson,phelpsrebecca@example.org,Geochemist,42773,IT
573,Mr. Gabriel Ramirez,vespinoza@example.net,Child psychotherapist,83704,HR
574,John Andrews,lori55@example.net,Clinical biochemist,94374,Sales
575,Christopher Curry,markmurray@example.com,Structural engineer,105160,Engineering
576,Melanie Mathews,wilkersondeanna@example.org,"Surveyor, mining",77155,Marketing
577,Tracy Tucker,cbates@example.com,Community education officer,85508,IT
578,Abigail Fernandez,ostone@example.net,Armed forces logistics/support/administrative officer,48722,Sales
579,Shelby James,hinesjaime@example.com,Multimedia programmer,49269,Marketing
580,Joshua Maxwell,andrewprice@example.com,Special educational needs teacher,51096,Engineering
581,Cesar Flores,canderson@example.com,Neurosurgeon,65967,Marketing
582,Shawn Murray,matajerome@example.net,Police officer,42261,Marketing
583,Jennifer Ewing,david67@example.com,Camera operator,83720,Sales
584,Colleen Patel,jessicaray@example.org,Economist,36062,Engineering
585,Kimberly Roberts,hgonzalez@example.com,"Surveyor, quantity",65896,Engineering
586,Rebecca Bowers,mariapage@example.com,Research scientist (medical),108783,Marketing
587,Danielle Osborne,brian26@example.com,Media buyer,77872,HR
588,Dustin Pacheco,smithkelly@example.net,"Engineer, civil (contracting)",58328,IT
589,Kenneth Rodriguez,jonesjames@example.org,"Psychologist, prison and probation services",113983,Marketing
590,Karen Washington,courtney73@example.com,Tax inspector,119031,HR
591,Lisa Wallace,ajarvis@example.org,Proofreader,116683,Sales
592,Yolanda Colon,cody87@example.net,Writer,118394,Sales
593,Ashley Payne,lindacosta@example.org,Psychotherapist,33575,Engineering
594,Jennifer Phillips MD,fperkins@example.com,Financial planner,83783,HR
595,Alex House,wardwilliam@example.net,Land,44297,HR
596,Stephanie Turner,lmccarthy@example.net,"Engineer, water",98261,Sales
597,James Macdonald,uclayton@example.net,Film/video editor,61711,Marketing
598,Antonio Lopez,mmorgan@example.net,Podiatrist,32275,Sales
599,Angela Ortega,april09@example.com,Community development worker,112269,Engineering
600,Jesus Shaw,kellysuarez@example.com,"Scientist, research (life sciences)",30270,Marketing
601,Lisa Lopez,danielcameron@example.net,Barista,66253,Marketing
602,Kyle Glenn,benjamin39@example.com,Fast food restaurant manager,92952,Sales
603,Tammy Cook,floresmark@example.net,"Programme researcher, broadcasting/film/video",79278,HR
604,Jonathan Mcbride,scott41@example.net,Broadcast presenter,51453,HR
605,Laura Ruiz,tkrause@example.net,Amenity horticulturist,45419,HR
606,Lindsay Hurst,mendezlindsay@example.net,Occupational hygienist,72983,IT
607,April King,rebeccaperez@example.net,Higher education careers adviser,42703,HR
608,Riley Warren,hughespaul@example.org,Higher education lecturer,80221,Sales
609,Sarah Edwards,danielsrachel@example.com,Logistics and distribution manager,54592,Engineering
610,Monica Woods,marcus81@example.org,Site engineer,74143,HR
611,Joseph Arnold,goldensuzanne@example.com,"Conservation officer, nature",71187,HR
612,Adam Davis,jeffrey65@example.com,Furniture designer,113030,Engineering
613,Cody Mathews,carlsonmark@example.org,Administrator,64502,Sales
614,Penny Jones MD,christine81@example.net,Nutritional therapist,57682,Sales
615,Alex Barry,xhoward@example.net,Ecologist,51799,HR
616,Justin Munoz,michael79@example.org,Radio broadcast assistant,82770,Marketing
617,Brenda Robinson,thomas57@example.net,Medical physicist,117416,HR
618,Elizabeth Bradley,xalvarado@example.org,Chiropodist,86065,Sales
619,Joel Shepherd,pbarry@example.org,Art therapist,52824,Engineering
620,Willie Morgan,kristengeorge@example.net,Paramedic,56828,Sales
621,Kristin Murray,bnorris@example.net,"Engineer, technical sales",115187,Sales
622,Marcia Garcia,brianhodge@example.org,Ceramics designer,51881,IT
623,Carl Welch,cmendez@example.com,Chartered public finance accountant,64361,Engineering
624,Tabitha Blankenship,christina87@example.net,Photographer,33825,Engineering
625,John Mckinney,thomasdeborah@example.net,Radio producer,99811,Sales
626,Kelly Vargas,rebeccacook@example.net,Learning disability nurse,61730,Engineering
627,Jeremy Guzman,kholland@example.org,Advice worker,35904,HR
628,Robert Case,sandra27@example.com,Chiropractor,33570,HR
629,Derek Pugh,chasecampbell@example.com,Technical author,107761,HR
630,Carl Howard,dwilliams@example.org,"Production assistant, radio",91676,Marketing
631,James Lopez,karensmith@example.com,Outdoor activities/education manager,40971,Engineering
632,Michael Sanchez,xhart@example.net,"Chemist, analytical",109949,IT
633,Richard Marsh,xewing@example.com,Corporate treasurer,62035,Engineering
634,Brittany Parker,oriley@example.com,Private music teacher,70975,IT
635,Charlotte Mullins,richard31@example.org,Dancer,80618,Sales
636,Rachel Liu,hillangela@example.net,"Designer, television/film set",72650,HR
637,Travis Anderson,teresacole@example.net,Surgeon,45410,IT
638,Mr. Samuel Duke,james99@example.com,"Scientist, research (medical)",100784,HR
639,Patricia Valencia,yvonnekeller@example.com,Forest/woodland manager,105882,Sales
640,Alyssa Reid,ustevens@example.com,Cytogeneticist,60645,Marketing
641,Daniel Johnson,james64@example.net,"Engineer, chemical",86697,IT
642,Nicole Lewis,sbrown@example.org,"Doctor, hospital",50826,HR
643,David Rhodes,deannamccoy@example.net,Information officer,47440,Sales
644,Amanda Combs,ortegalatoya@example.org,Primary school teacher,85640,Marketing
645,Wesley Walter,martinezmary@example.net,"Engineer, communications",95432,Sales
646,Michael Wyatt,michael77@example.org,"Therapist, sports",78552,IT
647,Rickey Smith,bridget06@example.net,Chartered accountant,91094,Engineering
648,Michael Hoffman,xhicks@example.net,Rural practice surveyor,85589,IT
649,Ryan Duncan,lee80@example.com,Dealer,79314,Marketing
650,Sherry Johnson,stephanierusso@example.org,"Programmer, multimedia",57067,HR
651,Timothy Payne,rmoore@example.net,"Research officer, government",53317,IT
652,Elizabeth Mullen,martinemily@example.org,Holiday representative,100879,Marketing
653,Christina Wells,pnguyen@example.net,IT consultant,111917,Sales
654,Amanda Zhang,becky50@example.com,Claims inspector/assessor,85868,Engineering
655,Kathleen Johnson,icampbell@example.com,Press sub,38853,Engineering
656,Christopher Walton,pricetammy@example.net,Personnel officer,88403,Sales
657,Sarah Stone,peter00@example.net,"Accountant, chartered",45047,HR
658,Veronica Rios,fred83@example.com,Sports development officer,58039,Marketing
659,Erik Smith,jaime40@example.net,IT sales professional,67786,Engineering
660,Wesley Morgan,gjohnson@example.org,"Accountant, chartered certified",43370,Engineering
661,Brendan Callahan,andersonwilliam@example.net,Recycling officer,35588,Marketing
662,Calvin Rush,vmoore@example.org,Psychiatrist,43419,HR
663,Jesse Morgan,urice@example.com,Clinical biochemist,112195,Engineering
664,Michael Blankenship,sparker@example.net,Solicitor,107819,HR
665,Heather Patterson,harveymichelle@example.net,Contractor,37605,Engineering
666,Zachary Ortiz,barbaraskinner@example.org,Paediatric nurse,50392,Engineering
667,Lisa Wright,william02@example.org,"Buyer, industrial",33339,HR
668,Suzanne Pope,amoses@example.net,Forensic psychologist,99609,IT
669,Kimberly Stevenson,susan87@example.com,"Surveyor, building",94766,Marketing
670,Lucas Hall,morrisonwilliam@example.net,Information systems manager,107139,HR
671,Michelle Harris,middletoncynthia@example.com,Lexicographer,37678,Sales
672,Brandon Camacho,taylor85@example.com,Theatre manager,117872,Sales
673,Randall Gardner,leahritter@example.org,"Therapist, horticultural",70130,Marketing
674,Abigail Barrett,haroldstone@example.net,Risk analyst,59628,IT
675,Dana Alvarado,joseph03@example.org,Site engineer,49193,HR
676,Brianna Castro,davidescobar@example.net,Meteorologist,103699,Sales
677,Vincent Clark,millersue@example.net,Lobbyist,112436,Marketing
678,Timothy Hernandez,amy26@example.org,Hotel manager,80861,Engineering
679,Chase Hansen,rickey58@example.net,Chartered accountant,81121,HR
680,Martha Jones DDS,pattyoconnor@example.com,Horticultural therapist,51206,IT
681,Rhonda Brown,marie54@example.org,Clinical cytogeneticist,101116,Sales
682,Anthony Rodriguez,danielconner@example.org,"Engineer, aeronautical",81327,IT
683,Abigail Farmer,roger89@example.org,Microbiologist,64745,Sales
684,Paul Ayala,oball@example.com,Chartered certified accountant,60531,Sales
685,Jeffrey Evans,stephanie51@example.net,"Surveyor, commercial/residential",34510,HR
686,Kelly Hines,hammondwendy@example.com,Cabin crew,104351,Sales
687,Cassandra Durham,ryan40@example.com,Animal nutritionist,43435,Engineering
688,Timothy Henderson,kdavis@example.com,"Engineer, technical sales",89153,Sales
689,Michelle Strickland,campbelljacob@example.org,Armed forces operational officer,70693,IT
690,Susan Small,codynorris@example.net,Psychotherapist,107557,IT
691,David Freeman,williamjohnson@example.net,Audiological scientist,52756,HR
692,Luke Hayden,lisa54@example.com,Advice worker,73300,HR
693,Kristin Sandoval,jessica99@example.org,Health and safety adviser,105448,HR
694,Barbara Rogers,jennifermckee@example.org,Electrical engineer,90599,IT
695,Amanda Anderson PhD,iduran@example.com,Barrister,81730,IT
696,Sheila Lee,zespinoza@example.com,Tax inspector,65084,Engineering
697,Kimberly Gilbert,muellerjason@example.com,Public relations account executive,84725,IT
698,Logan Coleman,rosarioallison@example.org,"Psychologist, clinical",52696,Sales
699,Travis Hammond,bryanlee@example.org,Camera operator,49229,Marketing
700,Andrea Mahoney,fwallace@example.org,Lobbyist,90289,Engineering
701,Daniel Walker,travis58@example.net,"Engineer, building services",65654,HR
702,Miss Kelly Johnson,michelle70@example.com,Public librarian,85998,HR
703,Kendra Adams,brian83@example.net,"Psychotherapist, dance movement",105300,IT
704,Linda Brown,logancox@example.com,Forest/woodland manager,51164,Marketing
705,Ronnie Hansen,david28@example.org,Graphic designer,64777,Engineering
706,Matthew Banks,williamjones@example.org,Medical physicist,45522,IT
707,Elizabeth Nguyen,melissagraves@example.org,"Therapist, speech and language",74212,Sales
708,Michael Francis,katherinealvarez@example.com,Associate Professor,101614,Marketing
709,Kristi Fitzpatrick,nathanshaffer@example.com,Writer,65408,Sales
710,Rebekah King,fphillips@example.com,Environmental manager,111857,Sales
711,Nathan Taylor,gonzalezjose@example.net,Psychotherapist,115499,HR
712,Sheila Price,joshuawright@example.com,Teaching laboratory technician,83597,HR
713,Erica Barber,mwatkins@example.com,Exhibition designer,34033,Engineering
714,Diane Willis,austinwheeler@example.org,Technical author,36310,Engineering
715,Amber Cook,martinezpatricia@example.net,"Scientist, biomedical",110356,Engineering
716,Jonathan Hobbs,lisa32@example.net,Customer service manager,82885,HR
717,Dr. Chad Perez,gtaylor@example.com,Site engineer,116374,Marketing
718,Michelle Hammond,murphychristopher@example.org,"Psychologist, prison and probation services",98789,HR
719,Jason Buckley,barbara42@example.net,"Designer, television/film set",61549,Marketing
720,Phillip Francis,teresarussell@example.net,Games developer,112952,Engineering
721,Cassandra Garcia,dawn45@example.net,Secondary school teacher,90528,Engineering
722,Adrian Smith,richard21@example.org,Accounting technician,62734,Marketing
723,Nicole Torres,velasquezkenneth@example.net,Medical secretary,113456,Engineering
724,Tonya Lin,matthewbuckley@example.com,"Engineer, building services",105715,HR
725,Robert Ross,waltonhaley@example.net,Museum/gallery curator,79458,Sales
726,Deanna Thompson,mary65@example.net,"Conservator, museum/gallery",70537,Sales
727,Patrick Murphy,vargasmegan@example.net,"Pharmacist, community",88449,Sales
728,Melanie Hughes,brownbrent@example.org,Statistician,85275,Sales
729,Jaclyn Lewis,dannybenton@example.net,"Nurse, mental health",62500,IT
730,Charles Long,revans@example.net,Medical sales representative,72418,IT
731,Jody Martin,bishopmarcus@example.com,Adult guidance worker,113729,IT
732,David Hamilton,arnolddeborah@example.net,"Lecturer, higher education",93189,HR
733,Michael Rodriguez,jenniferharris@example.net,"Scientist, research (medical)",110143,Engineering
734,Kelly White,ashley46@example.org,Associate Professor,46815,HR
735,Todd Hughes,udawson@example.net,Minerals surveyor,60554,Sales
736,Brandon Morrison,phillipsrichard@example.com,Media planner,96082,Engineering
737,Patrick Jordan,jared52@example.net,Chief Technology Officer,111556,Sales
738,Sherry Wagner,tchapman@example.net,Chartered management accountant,35803,HR
739,Austin Hughes,burgessmatthew@example.com,Geophysical data processor,114079,IT
740,Elizabeth Trujillo,aaronrose@example.org,Writer,68326,Marketing
741,Tracey Lester,reneepalmer@example.net,"Solicitor, Scotland",112759,Sales
742,Sara Sloan,eric10@example.com,"Scientist, physiological",104276,IT
743,Andrew Franklin,jamesjohnson@example.com,Civil Service fast streamer,41938,Sales
744,Thomas Porter,whitekevin@example.net,Data scientist,91222,Engineering
745,Shannon Cooper,clarkleslie@example.net,Adult guidance worker,71568,IT
746,David Peterson,dwayne05@example.com,Private music teacher,111570,Sales
747,Erica Ramirez,angela86@example.net,Civil Service administrator,103422,Engineering
748,Melissa Hunt,brayashley@example.org,Broadcast presenter,94038,IT
749,Joseph Carter,yblack@example.net,Manufacturing systems engineer,72882,Sales
750,Glenda Mendoza,espinozaelizabeth@example.net,"Investment banker, corporate",95845,IT
751,Michael Gomez,victoria17@example.org,Dispensing optician,67913,IT
752,Whitney Douglas,annawalter@example.com,Sports therapist,35618,IT
753,Tammy Sanchez,connie77@example.org,Corporate investment banker,80780,IT
754,Walter Perez,michaelwoodard@example.net,Soil scientist,66513,HR
755,Karen Anderson,rodriguezlori@example.com,"Engineer, structural",83939,HR
756,Jill Martinez,washingtonalicia@example.com,Colour technologist,48929,IT
757,Dana Caldwell,gmartinez@example.org,Sport and exercise psychologist,110261,Engineering
758,Dustin Pena,robert18@example.com,Astronomer,51849,Engineering
759,Walter Wright,hthomas@example.com,"Engineer, broadcasting (operations)",81802,Engineering
760,William Parks,laurachase@example.com,"Development worker, community",79612,Marketing
761,Erica Martinez,eyoung@example.com,Engineering geologist,89199,Marketing
762,Mitchell Liu,andrewcarter@example.com,Horticultural consultant,87730,IT
763,Jasmine Hardin,danielleramirez@example.org,Firefighter,89913,Marketing
764,Richard Roberts,jason48@example.net,Mudlogger,57338,Engineering
765,William Shaffer,robertpacheco@example.net,"Geneticist, molecular",87728,Engineering
766,Yolanda Harper,amandajordan@example.org,"Editor, film/video",39904,IT
767,Nicole Wang,fholder@example.net,"Psychologist, clinical",105294,Sales
768,Lauren Smith,zavaladustin@example.org,"Psychologist, sport and exercise",118294,Sales
769,Thomas Gonzalez,qdelgado@example.com,"Doctor, general practice",95183,Marketing
770,James Harrison,fandrews@example.com,Product manager,62698,Sales
771,Jeffery Flynn,charlesmiller@example.org,Travel agency manager,81576,IT
772,Curtis Allen,brandon31@example.net,Trade union research officer,74163,IT
773,Sandra Hansen,ginajones@example.org,"Scientist, product/process development",35797,Sales
774,Cassandra Jordan,juliecarroll@example.org,Drilling engineer,115604,IT
775,Raymond Morales,carlos45@example.com,Camera operator,78146,IT
776,Lynn Chavez,sara56@example.net,Early years teacher,59643,HR
777,Connor Medina,mjames@example.net,Animal technologist,58326,Sales
778,Lance Carter Jr.,johnkelly@example.org,Patent attorney,113404,HR
779,Colin Torres,schmidtbilly@example.org,Technical sales engineer,107580,HR
780,Brian Snyder,benjaminblair@example.net,"Secretary, company",86487,Engineering
781,Andre Porter,johnsonrachael@example.com,"Civil engineer, contracting",109221,Sales
782,Catherine Ross,davidpeterson@example.net,Lawyer,82929,Marketing
783,Kelly Hernandez,ashleywilliams@example.com,Ophthalmologist,34616,Sales
784,James Stewart,paigeorr@example.net,IT trainer,55047,Sales
785,Taylor Frank,davidgray@example.net,Advice worker,87859,HR
786,Lee Middleton,garciajustin@example.net,Structural engineer,92103,IT
787,Sharon Gonzales,wcampbell@example.org,Risk manager,50442,Sales
788,Jacqueline Petty,smithleslie@example.org,Forensic scientist,101187,Engineering
789,John Jackson,kempjennifer@example.org,Copy,93084,Marketing
790,Alec Snyder,gina24@example.org,"Scientist, product/process development",35438,Sales
791,James Moore,xcaldwell@example.com,Company secretary,53407,Sales
792,Megan Keller,davidscott@example.net,Health service manager,119493,Marketing
793,Marisa Davis,alexis04@example.net,Electrical engineer,106248,IT
794,Brittany Montes,kimberlyallen@example.org,"Scientist, water quality",53414,HR
795,Raymond Johnson,mark82@example.org,Bonds trader,51100,IT
796,James Foster,alexandragates@example.com,Geochemist,84110,IT
797,Jacob Williams,shawnnguyen@example.org,Commercial horticulturist,87922,HR
798,Jack Ross,blackburndestiny@example.org,Psychiatric nurse,76899,Sales
799,Erin Moore,lsutton@example.org,"Surveyor, hydrographic",41882,HR
800,Maureen David,michaelmoore@example.com,Public house manager,40936,Marketing
801,John Jenkins,kellyclark@example.org,Air cabin crew,49752,Marketing
802,Jillian Keith,christypineda@example.org,"Surveyor, mining",104405,Marketing
803,Stephanie Wilson,lgarcia@example.com,Health visitor,67195,Engineering
804,Andrew Hunter,amymiller@example.org,Financial trader,104317,IT
805,Nicole Roth,kennethgonzalez@example.com,Community development worker,93579,Engineering
806,Ryan Moore,leecatherine@example.org,Teaching laboratory technician,94369,Engineering
807,Maria Rogers,taylor23@example.com,Dramatherapist,91785,IT
808,Lindsey Brock,fbutler@example.net,Best boy,64620,Sales
809,Mr. Eric Andrews,rebeccayates@example.org,"Therapist, horticultural",106861,HR
810,Jennifer Mcgrath,xcoleman@example.com,Prison officer,106069,Engineering
811,Gregory Watts,williammayer@example.org,Dietitian,112480,Sales
812,Karen Preston,justinjames@example.com,"Research officer, political party",99126,Sales
813,Mary Mata,amanda86@example.net,TEFL teacher,47365,Sales
814,Maria Barton,amysmith@example.net,Press photographer,79541,IT
815,Mark Ramsey,nicholashenderson@example.com,"Nurse, learning disability",107817,IT
816,Brittany Cervantes,carly20@example.org,"Clinical scientist, histocompatibility and immunogenetics",65293,HR
817,Mrs. Tonya Miller,ramirezseth@example.org,Transport planner,48795,Engineering
818,Jennifer Wilkins,lflynn@example.net,Armed forces logistics/support/administrative officer,61476,HR
819,Willie Ryan,qweaver@example.com,IT consultant,30999,Sales
820,Tracy Graham,jessicacampbell@example.net,Ambulance person,111099,Marketing
821,Karen Anthony,randy21@example.net,Investment analyst,37960,Marketing
822,Jose Johnson,beasleymorgan@example.net,Soil scientist,110100,Engineering
823,Stephen Rose,jennifermorris@example.org,Armed forces operational officer,51312,Engineering
824,Elizabeth Nelson,kevinfrost@example.org,"Civil engineer, consulting",92216,HR
825,Valerie Stewart,matthew40@example.com,Chief Operating Officer,113404,HR
826,Denise Cox,eponce@example.net,Counsellor,99297,HR
827,Benjamin Sullivan,chenmichelle@example.org,Speech and language therapist,86771,Marketing
828,John Hodges,robert14@example.com,Financial controller,79816,Sales
829,Jason Ramirez,richardmaxwell@example.com,Geophysicist/field seismologist,75259,Sales
830,Ashley Hayden,dpowell@example.org,Structural engineer,60303,Marketing
831,Jose Gonzalez,abutler@example.com,Recruitment consultant,49435,Marketing
832,Marissa White,gleach@example.com,Educational psychologist,64749,Marketing
833,Patricia Luna,michael40@example.com,"Scientist, biomedical",112095,IT
834,Maria Rodriguez,kimberlyharris@example.com,Commercial horticulturist,102532,IT
835,Emily Meadows,johnmartinez@example.com,"Scientist, research (life sciences)",86230,Sales
836,Susan Reynolds,raymondharvey@example.net,Biomedical scientist,75899,Sales
837,Joseph Moody,marykramer@example.com,Geophysical data processor,78621,Marketing
838,Christian Kelly,aharris@example.com,Water engineer,116654,Engineering
839,Robert Weeks,chelsearivera@example.net,Research scientist (life sciences),38251,Engineering
840,Eric Benton,susanhill@example.org,Museum/gallery curator,61410,IT
841,Shannon Smith,singletonwendy@example.net,Art gallery manager,99027,HR
842,Darryl Stephens,mcgrathryan@example.com,Health service manager,102090,HR
843,Alexis Lynch,melindamoore@example.net,Quantity surveyor,46543,HR
844,Sean Rivera,russelljonathan@example.net,Geoscientist,106560,Engineering
845,Susan Myers,fgardner@example.net,Homeopath,52909,Marketing
846,Chad Schmidt,jlin@example.net,Television/film/video producer,46913,Engineering
847,Calvin Wagner,shafferkyle@example.net,"Clinical scientist, histocompatibility and immunogenetics",38536,IT
848,Derrick Wu,amberhiggins@example.org,Corporate treasurer,43462,IT
849,Steven Zavala,fieldscolleen@example.com,Jewellery designer,114411,IT
850,Brittany Small,ashley19@example.org,Theme park manager,98064,Sales
851,Kenneth Torres,cyoung@example.net,"Psychotherapist, dance movement",36247,HR
852,James Ho,jeffreyweber@example.net,"Engineer, technical sales",35707,Marketing
853,Alyssa Mathews,atkinskristin@example.com,"Conservation officer, nature",78626,HR
854,Anna Montgomery,jimmy27@example.org,Web designer,60029,Sales
855,Katie Johnson,shawnroth@example.com,"Production assistant, radio",44089,Sales
856,Amanda Cox,wilsonterri@example.net,Conference centre manager,84146,Sales
857,Diana Green,robinsonjasmine@example.com,Applications developer,63261,Marketing
858,Stacey Williams,xcarter@example.net,Mining engineer,116948,IT
859,Nathaniel Santiago,bradleydaugherty@example.com,"Programmer, multimedia",61740,Marketing
860,Robin Mills,herreramichael@example.net,Training and development officer,107182,HR
861,Ruben Fields,operry@example.net,"Solicitor, Scotland",93718,IT
862,Joan Davies,uespinoza@example.org,Sub,75805,HR
863,Adam King,alicia59@example.com,Landscape architect,106506,Engineering
864,Brian Donaldson,stephenharrison@example.com,Set designer,100663,Sales
865,Charles Edwards,reneerice@example.net,"Producer, television/film/video",67671,Marketing
866,Ryan Hill,carrollcynthia@example.org,Arts administrator,48770,IT
867,Richard Jones,murphyrichard@example.com,Control and instrumentation engineer,71306,Engineering
868,Matthew Baker,cameron05@example.org,"Surveyor, hydrographic",72626,Marketing
869,Jeff Casey,william51@example.org,"Therapist, horticultural",94981,IT
870,Timothy Hooper,dana46@example.org,Chartered loss adjuster,82413,HR
871,Frances Adkins,davisbrian@example.com,Tourist information centre manager,64910,HR
872,Scott Smith,sarah16@example.net,Social researcher,43497,Sales
873,Carlos Mathews,tsilva@example.net,Equality and diversity officer,49215,HR
874,Erin Hughes,xwatson@example.com,Chartered management accountant,97504,Engineering
875,Donald Brown,wanda68@example.net,Volunteer coordinator,78928,Marketing
876,Patty Kelly,sandra46@example.net,Insurance risk surveyor,92099,Marketing
877,Alexander Wilkins,smallgwendolyn@example.com,"Geneticist, molecular",34147,Engineering
878,Roger Luna,michellejackson@example.com,Horticultural therapist,43172,HR
879,Rebecca Gates,kimberly44@example.org,Nutritional therapist,90717,Sales
880,Christine Snow,acollins@example.org,Operations geologist,104911,HR
881,Cheryl Vang,brenda34@example.org,Sub,64970,Engineering
882,Nicholas Coleman,susanbarber@example.com,"Copywriter, advertising",55817,Engineering
883,Vanessa Parker,bradshawderrick@example.com,Youth worker,54734,Marketing
884,Ann Soto,chasejames@example.net,Retail manager,117509,Marketing
885,James Atkins,brownjeffrey@example.com,Logistics and distribution manager,82139,IT
886,Philip Boyd,brandon03@example.net,"Engineer, energy",116474,Marketing
887,Dawn Peterson,williamsjames@example.net,Press photographer,66460,Marketing
888,Kenneth Cole,ocox@example.org,Glass blower/designer,62220,Marketing
889,Edward Rivas,lori07@example.net,Careers adviser,63692,Marketing
890,Bryan Knight,stevensonrichard@example.org,"Scientist, research (life sciences)",34334,Marketing
891,Kristin Sanders,brandonbrown@example.com,Medical technical officer,82577,Marketing
892,Candace Maddox,johnramirez@example.org,Rural practice surveyor,73164,Engineering
893,Hannah Spencer,james02@example.net,Graphic designer,54120,IT
894,Roy Price,tracy93@example.com,Systems analyst,66261,Marketing
895,Candace Perez,amy15@example.net,Clinical molecular geneticist,31818,IT
896,Andrew Roberts,brentbrown@example.net,Marine scientist,101677,Engineering
897,Eric Frank,fspears@example.org,Fashion designer,32193,Marketing
898,Rebecca Morton,gramirez@example.net,"Journalist, broadcasting",99634,IT
899,Jay Brown,john55@example.com,Tourist information centre manager,101771,HR
900,Mary Pearson,jermaineclements@example.net,Sports coach,31543,Marketing
901,Elizabeth Harris,ryoung@example.com,Immunologist,107127,Engineering
902,Michelle Evans,johnsontimothy@example.com,Legal executive,81388,HR
903,Jamie Watson,burgessbrian@example.net,Corporate investment banker,96736,Sales
904,Larry Wilson,bryce58@example.org,Jewellery designer,37977,HR
905,Edward Velez,kimberlymoore@example.org,Sports therapist,73858,HR
906,Stacy Carter,matthew66@example.org,Records manager,67257,Marketing
907,Mary Carr,alvinlee@example.org,Facilities manager,45641,Marketing
908,Corey Madden,adawson@example.net,Local government officer,72422,IT
909,Mary French,francoclayton@example.com,"Geologist, wellsite",51211,Sales
910,Steven Simmons,derrickjackson@example.net,Building services engineer,98034,Marketing
911,Meagan Adams,gwu@example.com,Tax adviser,112432,Marketing
912,Juan Zamora,zsmith@example.com,"Doctor, general practice",85412,Engineering
913,Jennifer Graham,sarah21@example.com,Dancer,53307,Engineering
914,Christine Cline,michaelbauer@example.net,"Physicist, medical",43895,Engineering
915,William Williams,anthony95@example.com,Counselling psychologist,74847,IT
916,Colleen Bird,ocarlson@example.com,"Engineer, communications",90612,IT
917,Tina Carrillo,rodriguezjose@example.net,"Psychologist, counselling",37791,IT
918,Brandon Huffman,ncolon@example.com,Retail manager,41719,HR
919,Karen Martin,timothyjones@example.org,"Loss adjuster, chartered",118179,IT
920,James Chavez,johnnylopez@example.com,Public affairs consultant,63518,Sales
921,Diane Knox,dhester@example.net,Paediatric nurse,116198,Engineering
922,Tina Craig,xsanchez@example.org,"Journalist, magazine",118532,HR
923,Brittany Johnson,john36@example.com,Haematologist,44866,Marketing
924,Justin Perry,kjackson@example.net,Publishing copy,34939,Marketing
925,Megan Zhang,gomezmichelle@example.net,Recruitment consultant,51457,HR
926,Christopher Phelps,andrew07@example.com,Systems developer,64178,HR
927,Paula Wiggins,pbarton@example.org,"Surveyor, land/geomatics",34839,Marketing
928,Austin Davis,wparker@example.org,Therapeutic radiographer,96421,Sales
929,Laura Donaldson,vdavis@example.org,Ophthalmologist,40999,Sales
930,Jordan Rodriguez,danielhahn@example.net,Multimedia programmer,82724,IT
931,Tracy Wade,jessica25@example.com,Education administrator,41868,HR
932,Caleb Mcfarland,omartin@example.net,"Engineer, manufacturing systems",63360,Sales
933,Vincent Stout,garrettbrown@example.org,Patent examiner,101491,HR
934,Bryan Maldonado,edward14@example.net,Cytogeneticist,58916,IT
935,Amber Ferrell,williamschristina@example.org,"Administrator, Civil Service",103728,HR
936,Jorge Smith,oconnortanya@example.com,Animator,77983,Marketing
937,Mark Lang,piercesean@example.net,"Producer, television/film/video",92287,Engineering
938,Natalie Wright,awebb@example.org,Theatre stage manager,37735,IT
939,Devin Mills,annachristian@example.net,Musician,49614,Sales
940,Heather Mueller,shanson@example.org,Ceramics designer,65728,HR
941,Shannon Perez,morenovalerie@example.net,Speech and language therapist,67361,Engineering
942,Catherine Petty DDS,timothycordova@example.org,Chartered management accountant,79728,Sales
943,Dean Hudson,dominique66@example.org,"Journalist, magazine",49340,Sales
944,Benjamin Pearson,johnstonjustin@example.com,Armed forces logistics/support/administrative officer,40295,Engineering
945,Eric Lee,jamescook@example.net,"Radiographer, diagnostic",119291,Sales
946,Luis Martinez,jenniferscott@example.org,Advertising account executive,43037,Engineering
947,Larry Jones,henrybrown@example.com,Glass blower/designer,73886,Marketing
948,Robert Reynolds,ssolis@example.net,Counselling psychologist,113516,IT
949,Travis Thompson,kathy21@example.net,Psychiatrist,76416,HR
950,Diamond Martinez,jorge80@example.net,Osteopath,88422,Marketing
951,Jessica Reyes,catherine24@example.net,Hydrologist,91853,Sales
952,Timothy Porter,anthony01@example.org,Occupational psychologist,115444,Sales
953,Christine Ruiz DDS,ehansen@example.com,Fine artist,52712,IT
954,Wendy Ruiz,kirbyedward@example.net,Clinical psychologist,31636,Engineering
955,Brandon Burton,johntate@example.net,Information systems manager,36099,Sales
956,Jennifer Peck,pthompson@example.net,Dancer,69389,HR
957,Cristian Wilson,cbanks@example.net,Trading standards officer,55736,HR
958,Whitney Barnes,chenwarren@example.com,Chartered public finance accountant,54757,HR
959,Victor Price,lisabowman@example.com,"Engineer, civil (consulting)",113313,HR
960,Stephanie Knight,sarah55@example.org,Learning mentor,109254,Sales
961,Donna Miller,nicholefuller@example.net,Art therapist,83108,IT
962,Peter Brown,edavis@example.net,Architectural technologist,87572,IT
963,Anthony Brown,amandagarza@example.net,"Geologist, wellsite",90976,Engineering
964,Mrs. Michelle Ramos,louismcbride@example.org,"Designer, fashion/clothing",80328,Engineering
965,Erika Atkinson,dan83@example.org,Health and safety adviser,102448,HR
966,Michael Miller,alexandra07@example.org,Barrister,31894,HR
967,Tammy Dean,matthewgreene@example.org,"Designer, television/film set",101392,IT
968,Charles Hampton,royjoseph@example.org,"Presenter, broadcasting",47162,Marketing
969,Johnny Walters,aharvey@example.net,Media buyer,105433,Marketing
970,Debbie Walker,ireese@example.net,Ranger/warden,96606,HR
971,Seth Doyle MD,matthew83@example.org,Mental health nurse,65921,IT
972,Donald Romero,manuel88@example.com,Hydrologist,55362,IT
973,Michael Miller,ortegamelissa@example.org,Lexicographer,88327,Marketing
974,Steven Banks,mmontoya@example.net,Event organiser,37303,Sales
975,Candice Hernandez,vperry@example.com,Professor Emeritus,115014,HR
976,Dakota Hernandez,thomas74@example.org,Nature conservation officer,30509,HR
977,Shelly King,amanda70@example.com,Sport and exercise psychologist,74453,Sales
978,Diana Cole,vreilly@example.net,Learning disability nurse,70208,Sales
979,Gerald Rodriguez,rgreen@example.com,Field seismologist,117396,Marketing
980,Diana Rivers,deborahpoole@example.com,Transport planner,66034,Sales
981,Angel Powers,hannah88@example.net,Sub,82584,Sales
982,Michael Hernandez,chensamuel@example.org,General practice doctor,78863,HR
983,Annette Rojas,diana52@example.net,Tourist information centre manager,113652,Sales
984,Tracy Jenkins,veronicahines@example.com,Professor Emeritus,99098,IT
985,Ashley Smith,nicolereeves@example.org,Recycling officer,58110,Sales
986,Randall Barr,joshuaclark@example.org,TEFL teacher,40655,Engineering
987,Julie Madden,jason06@example.com,"Therapist, art",31472,Engineering
988,Gene Williams,ibaker@example.com,"Nurse, mental health",116261,Engineering
989,Michelle Parker,jfranklin@example.org,"Engineer, maintenance (IT)",68001,IT
990,Steven Duncan,christopherjackson@example.com,Farm manager,86643,Engineering
991,Christina Benson,zimmermanjillian@example.org,Fine artist,66167,Marketing
992,Lisa Vega,lauren07@example.com,"Engineer, water",113763,Marketing
993,David Barrett,robinsonlisa@example.com,Comptroller,37589,IT
994,Donna Simpson,jenniferjennings@example.net,"Teacher, special educational needs",108865,Sales
995,Miss Lindsay Taylor,laurenrose@example.com,Editorial assistant,104683,Sales
996,Karen Curtis,jvaldez@example.com,Maintenance engineer,56845,Engineering
997,Allison Beck,warnertheresa@example.com,"Civil engineer, contracting",33171,IT
998,Mr. Stephen Hester II,simonbrianna@example.org,"Development worker, community",100577,HR
999,Tanya Willis,nunezjacob@example.com,"Scientist, physiological",68523,Sales
